drug_name,category
sodium fluoride,Caries prophylactic agents
sodium monofluorophosphate,Caries prophylactic agents
olaflur,Caries prophylactic agents
stannous fluoride,Caries prophylactic agents
combinations,Caries prophylactic agents
"sodium fluoride, combinations",Caries prophylactic agents
hydrogen peroxide,Antiinfectives and antiseptics for local oral treatment
chlorhexidine,Antiinfectives and antiseptics for local oral treatment
amphotericin b,Antiinfectives and antiseptics for local oral treatment
polynoxylin,Antiinfectives and antiseptics for local oral treatment
domiphen,Antiinfectives and antiseptics for local oral treatment
oxyquinoline,Antiinfectives and antiseptics for local oral treatment
neomycin,Antiinfectives and antiseptics for local oral treatment
miconazole,Antiinfectives and antiseptics for local oral treatment
natamycin,Antiinfectives and antiseptics for local oral treatment
various,Antiinfectives and antiseptics for local oral treatment
hexetidine,Antiinfectives and antiseptics for local oral treatment
tetracycline,Antiinfectives and antiseptics for local oral treatment
benzoxonium chloride,Antiinfectives and antiseptics for local oral treatment
tibezonium iodide,Antiinfectives and antiseptics for local oral treatment
mepartricin,Antiinfectives and antiseptics for local oral treatment
metronidazole,Antiinfectives and antiseptics for local oral treatment
clotrimazole,Antiinfectives and antiseptics for local oral treatment
sodium perborate,Antiinfectives and antiseptics for local oral treatment
chlortetracycline,Antiinfectives and antiseptics for local oral treatment
doxycycline,Antiinfectives and antiseptics for local oral treatment
minocycline,Antiinfectives and antiseptics for local oral treatment
triamcinolone,Corticosteroids for local oral treatment
dexamethasone,Corticosteroids for local oral treatment
hydrocortisone,Corticosteroids for local oral treatment
"prednisolone, combinations",Corticosteroids for local oral treatment
epinephrine,Other agents for local oral treatment
benzydamine,Other agents for local oral treatment
acetylsalicylic acid,Other agents for local oral treatment
adrenalone,Other agents for local oral treatment
amlexanox,Other agents for local oral treatment
becaplermin,Other agents for local oral treatment
magnesium carbonate,Magnesium compounds
magnesium oxide,Magnesium compounds
magnesium peroxide,Magnesium compounds
magnesium hydroxide,Magnesium compounds
magnesium silicate,Magnesium compounds
aluminium hydroxide,Aluminium compounds
algeldrate,Aluminium compounds
aluminium phosphate,Aluminium compounds
dihydroxialumini sodium carbonate,Aluminium compounds
aluminium acetoacetate,Aluminium compounds
aloglutamol,Aluminium compounds
aluminium glycinate,Aluminium compounds
calcium carbonate,Calcium compounds
calcium silicate,Calcium compounds
ordinary salt combinations,"Combinations and complexes of aluminium, calcium and magnesium compounds"
magaldrate,"Combinations and complexes of aluminium, calcium and magnesium compounds"
almagate,"Combinations and complexes of aluminium, calcium and magnesium compounds"
hydrotalcite,"Combinations and complexes of aluminium, calcium and magnesium compounds"
almasilate,"Combinations and complexes of aluminium, calcium and magnesium compounds"
magaldrate and antiflatulents,Antacids with antiflatulents
ordinary salt combinations and antiflatulents,Antacids with antiflatulents
cimetidine,H2-receptor antagonists
ranitidine,H2-receptor antagonists
famotidine,H2-receptor antagonists
nizatidine,H2-receptor antagonists
niperotidine,H2-receptor antagonists
roxatidine,H2-receptor antagonists
ranitidine bismuth citrate,H2-receptor antagonists
lafutidine,H2-receptor antagonists
"cimetidine, combinations",H2-receptor antagonists
"famotidine, combinations",H2-receptor antagonists
misoprostol,Prostaglandins
enprostil,Prostaglandins
omeprazole,Proton pump inhibitors
pantoprazole,Proton pump inhibitors
lansoprazole,Proton pump inhibitors
rabeprazole,Proton pump inhibitors
esomeprazole,Proton pump inhibitors
dexlansoprazole,Proton pump inhibitors
dexrabeprazole,Proton pump inhibitors
vonoprazan,Proton pump inhibitors
"lansoprazole, combinations",Proton pump inhibitors
"rabeprazole, combinations",Proton pump inhibitors
"omeprazole, amoxicillin and metronidazole",Combinations for eradication of Helicobacter pylori
"lansoprazole, tetracycline and metronidazole",Combinations for eradication of Helicobacter pylori
"lansoprazole, amoxicillin and metronidazole",Combinations for eradication of Helicobacter pylori
"pantoprazole, amoxicillin and clarithromycin",Combinations for eradication of Helicobacter pylori
"omeprazole, amoxicillin and clarithromycin",Combinations for eradication of Helicobacter pylori
"esomeprazole, amoxicillin and clarithromycin",Combinations for eradication of Helicobacter pylori
"lansoprazole, amoxicillin and clarithromycin",Combinations for eradication of Helicobacter pylori
"bismuth subcitrate, tetracycline and metronidazole",Combinations for eradication of Helicobacter pylori
"lansoprazole, clarithromycin and tinidazole",Combinations for eradication of Helicobacter pylori
"lansoprazole, amoxicillin and levofloxacin",Combinations for eradication of Helicobacter pylori
"pantoprazole, amoxicillin, clarithromycin and metronidazole",Combinations for eradication of Helicobacter pylori
"rabeprazole, amoxicillin and clarithromycin",Combinations for eradication of Helicobacter pylori
"rabeprazole, amoxicillin and metronidazole",Combinations for eradication of Helicobacter pylori
"vonoprazan, amoxicillin and clarithromycin",Combinations for eradication of Helicobacter pylori
"vonoprazan, amoxicillin and metronidazole",Combinations for eradication of Helicobacter pylori
carbenoxolone,Other drugs for peptic ulcer and gastro-oesophageal reflux disease (GORD)
sucralfate,Other drugs for peptic ulcer and gastro-oesophageal reflux disease (GORD)
pirenzepine,Other drugs for peptic ulcer and gastro-oesophageal reflux disease (GORD)
methiosulfonium chloride,Other drugs for peptic ulcer and gastro-oesophageal reflux disease (GORD)
bismuth subcitrate,Other drugs for peptic ulcer and gastro-oesophageal reflux disease (GORD)
proglumide,Other drugs for peptic ulcer and gastro-oesophageal reflux disease (GORD)
gefarnate,Other drugs for peptic ulcer and gastro-oesophageal reflux disease (GORD)
sulglicotide,Other drugs for peptic ulcer and gastro-oesophageal reflux disease (GORD)
acetoxolone,Other drugs for peptic ulcer and gastro-oesophageal reflux disease (GORD)
zolimidine,Other drugs for peptic ulcer and gastro-oesophageal reflux disease (GORD)
troxipide,Other drugs for peptic ulcer and gastro-oesophageal reflux disease (GORD)
bismuth subnitrate,Other drugs for peptic ulcer and gastro-oesophageal reflux disease (GORD)
alginic acid,Other drugs for peptic ulcer and gastro-oesophageal reflux disease (GORD)
rebamipide,Other drugs for peptic ulcer and gastro-oesophageal reflux disease (GORD)
"carbenoxolone, combinations excl. psycholeptics",Other drugs for peptic ulcer and gastro-oesophageal reflux disease (GORD)
"carbenoxolone, combinations with psycholeptics",Other drugs for peptic ulcer and gastro-oesophageal reflux disease (GORD)
"gefarnate, combinations with psycholeptics",Other drugs for peptic ulcer and gastro-oesophageal reflux disease (GORD)
oxyphencyclimine,"Synthetic anticholinergics, esters with tertiary amino group"
camylofin,"Synthetic anticholinergics, esters with tertiary amino group"
mebeverine,"Synthetic anticholinergics, esters with tertiary amino group"
trimebutine,"Synthetic anticholinergics, esters with tertiary amino group"
rociverine,"Synthetic anticholinergics, esters with tertiary amino group"
dicycloverine,"Synthetic anticholinergics, esters with tertiary amino group"
dihexyverine,"Synthetic anticholinergics, esters with tertiary amino group"
difemerine,"Synthetic anticholinergics, esters with tertiary amino group"
piperidolate,"Synthetic anticholinergics, esters with tertiary amino group"
benzilone,"Synthetic anticholinergics, quaternary ammonium compounds"
glycopyrronium bromide,"Synthetic anticholinergics, quaternary ammonium compounds"
oxyphenonium,"Synthetic anticholinergics, quaternary ammonium compounds"
penthienate,"Synthetic anticholinergics, quaternary ammonium compounds"
propantheline,"Synthetic anticholinergics, quaternary ammonium compounds"
otilonium bromide,"Synthetic anticholinergics, quaternary ammonium compounds"
methantheline,"Synthetic anticholinergics, quaternary ammonium compounds"
tridihexethyl,"Synthetic anticholinergics, quaternary ammonium compounds"
isopropamide,"Synthetic anticholinergics, quaternary ammonium compounds"
hexocyclium,"Synthetic anticholinergics, quaternary ammonium compounds"
poldine,"Synthetic anticholinergics, quaternary ammonium compounds"
mepenzolate,"Synthetic anticholinergics, quaternary ammonium compounds"
bevonium,"Synthetic anticholinergics, quaternary ammonium compounds"
pipenzolate,"Synthetic anticholinergics, quaternary ammonium compounds"
diphemanil,"Synthetic anticholinergics, quaternary ammonium compounds"
(2-benzhydryloxyethyl)diethyl-methylammonium iodide,"Synthetic anticholinergics, quaternary ammonium compounds"
tiemonium iodide,"Synthetic anticholinergics, quaternary ammonium compounds"
prifinium bromide,"Synthetic anticholinergics, quaternary ammonium compounds"
timepidium bromide,"Synthetic anticholinergics, quaternary ammonium compounds"
fenpiverinium,"Synthetic anticholinergics, quaternary ammonium compounds"
"oxyphenonium, combinations","Synthetic anticholinergics, quaternary ammonium compounds"
dimethylaminopropionylphenothiazine,"Synthetic antispasmodics, amides with tertiary amines"
nicofetamide,"Synthetic antispasmodics, amides with tertiary amines"
tiropramide,"Synthetic antispasmodics, amides with tertiary amines"
papaverine,Papaverine and derivatives
drotaverine,Papaverine and derivatives
moxaverine,Papaverine and derivatives
alosetron,Serotonin receptor antagonists
cilansetron,Serotonin receptor antagonists
fenpiprane,Other drugs for functional gastrointestinal disorders
diisopromine,Other drugs for functional gastrointestinal disorders
chlorbenzoxamine,Other drugs for functional gastrointestinal disorders
pinaverium,Other drugs for functional gastrointestinal disorders
fenoverine,Other drugs for functional gastrointestinal disorders
idanpramine,Other drugs for functional gastrointestinal disorders
proxazole,Other drugs for functional gastrointestinal disorders
alverine,Other drugs for functional gastrointestinal disorders
trepibutone,Other drugs for functional gastrointestinal disorders
isometheptene,Other drugs for functional gastrointestinal disorders
caroverine,Other drugs for functional gastrointestinal disorders
phloroglucinol,Other drugs for functional gastrointestinal disorders
silicones,Other drugs for functional gastrointestinal disorders
valethamate,Other drugs for functional gastrointestinal disorders
menthae piperitae aetheroleum,Other drugs for functional gastrointestinal disorders
trimethyldiphenylpropylamine,Other drugs for functional gastrointestinal disorders
"alverine, combinations",Other drugs for functional gastrointestinal disorders
atropine,"Belladonna alkaloids, tertiary amines"
hyoscyamine,"Belladonna alkaloids, tertiary amines"
belladonna total alkaloids,"Belladonna alkaloids, tertiary amines"
butylscopolamine,"Belladonna alkaloids, semisynthetic, quaternary ammonium compounds"
methylatropine,"Belladonna alkaloids, semisynthetic, quaternary ammonium compounds"
methylscopolamine,"Belladonna alkaloids, semisynthetic, quaternary ammonium compounds"
fentonium,"Belladonna alkaloids, semisynthetic, quaternary ammonium compounds"
cimetropium bromide,"Belladonna alkaloids, semisynthetic, quaternary ammonium compounds"
homatropine methylbromide,"Belladonna alkaloids, semisynthetic, quaternary ammonium compounds"
isopropamide and psycholeptics,Synthetic anticholinergic agents in combination with psycholeptics
clidinium and psycholeptics,Synthetic anticholinergic agents in combination with psycholeptics
oxyphencyclimine and psycholeptics,Synthetic anticholinergic agents in combination with psycholeptics
otilonium bromide and psycholeptics,Synthetic anticholinergic agents in combination with psycholeptics
glycopyrronium bromide and psycholeptics,Synthetic anticholinergic agents in combination with psycholeptics
bevonium and psycholeptics,Synthetic anticholinergic agents in combination with psycholeptics
ambutonium and psycholeptics,Synthetic anticholinergic agents in combination with psycholeptics
diphemanil and psycholeptics,Synthetic anticholinergic agents in combination with psycholeptics
pipenzolate and psycholeptics,Synthetic anticholinergic agents in combination with psycholeptics
emepronium and psycholeptics,Synthetic anticholinergic agents in combination with psycholeptics
propantheline and psycholeptics,Synthetic anticholinergic agents in combination with psycholeptics
methylscopolamine and psycholeptics,Belladonna and derivatives in combination with psycholeptics
belladonna total alkaloids and psycholeptics,Belladonna and derivatives in combination with psycholeptics
atropine and psycholeptics,Belladonna and derivatives in combination with psycholeptics
homatropine methylbromide and psycholeptics,Belladonna and derivatives in combination with psycholeptics
hyoscyamine and psycholeptics,Belladonna and derivatives in combination with psycholeptics
tropenzilone and analgesics,Synthetic anticholinergic agents in combination with analgesics
pitofenone and analgesics,Synthetic anticholinergic agents in combination with analgesics
bevonium and analgesics,Synthetic anticholinergic agents in combination with analgesics
ciclonium and analgesics,Synthetic anticholinergic agents in combination with analgesics
camylofin and analgesics,Synthetic anticholinergic agents in combination with analgesics
trospium and analgesics,Synthetic anticholinergic agents in combination with analgesics
tiemonium iodide and analgesics,Synthetic anticholinergic agents in combination with analgesics
butylscopolamine and analgesics,Belladonna and derivatives in combination with analgesics
metoclopramide,Propulsives
cisapride,Propulsives
domperidone,Propulsives
bromopride,Propulsives
alizapride,Propulsives
clebopride,Propulsives
itopride,Propulsives
cinitapride,Propulsives
mosapride,Propulsives
ondansetron,Serotonin (5HT3) antagonists
granisetron,Serotonin (5HT3) antagonists
tropisetron,Serotonin (5HT3) antagonists
dolasetron,Serotonin (5HT3) antagonists
palonosetron,Serotonin (5HT3) antagonists
"palonosetron, combinations",Serotonin (5HT3) antagonists
scopolamine,Other antiemetics
cerium oxalate,Other antiemetics
chlorobutanol,Other antiemetics
metopimazine,Other antiemetics
dronabinol,Other antiemetics
nabilone,Other antiemetics
aprepitant,Other antiemetics
casopitant,Other antiemetics
rolapitant,Other antiemetics
"scopolamine, combinations",Other antiemetics
"chlorobutanol, combinations",Other antiemetics
chenodeoxycholic acid,Bile acids and derivatives
ursodeoxycholic acid,Bile acids and derivatives
cholic acid,Bile acids and derivatives
obeticholic acid,Bile acids and derivatives
nicotinyl methylamide,Preparations for biliary tract therapy
piprozolin,Other drugs for bile therapy
hymecromone,Other drugs for bile therapy
cyclobutyrol,Other drugs for bile therapy
arginine glutamate,Liver therapy
silymarin,Liver therapy
citiolone,Liver therapy
epomediol,Liver therapy
ornithine oxoglurate,Liver therapy
tidiacic arginine,Liver therapy
glycyrrhizic acid,Liver therapy
metadoxine,Liver therapy
liquid paraffin,"Softeners, emollients"
docusate sodium,"Softeners, emollients"
"liquid paraffin, combinations","Softeners, emollients"
oxyphenisatine,Contact laxatives
bisacodyl,Contact laxatives
dantron,Contact laxatives
phenolphthalein,Contact laxatives
castor oil,Contact laxatives
senna glycosides,Contact laxatives
cascara,Contact laxatives
sodium picosulfate,Contact laxatives
bisoxatin,Contact laxatives
contact laxatives in combination,Contact laxatives
contact laxatives in combination with belladonna alkaloids,Contact laxatives
"bisacodyl, combinations",Contact laxatives
"dantron, combinations",Contact laxatives
"senna glycosides, combinations",Contact laxatives
"cascara, combinations",Contact laxatives
"sodium picosulfate, combinations",Contact laxatives
ispaghula (psylla seeds),Bulk-forming laxatives
ethulose,Bulk-forming laxatives
sterculia,Bulk-forming laxatives
linseed,Bulk-forming laxatives
methylcellulose,Bulk-forming laxatives
triticum (wheat fibre),Bulk-forming laxatives
polycarbophil calcium,Bulk-forming laxatives
"ispaghula, combinations",Bulk-forming laxatives
"sterculia, combinations",Bulk-forming laxatives
"linseed, combinations",Bulk-forming laxatives
magnesium sulfate,Osmotically acting laxatives
mineral salts in combination,Osmotically acting laxatives
lactulose,Osmotically acting laxatives
lactitol,Osmotically acting laxatives
sodium sulfate,Osmotically acting laxatives
pentaerithrityl,Osmotically acting laxatives
macrogol,Osmotically acting laxatives
mannitol,Osmotically acting laxatives
sodium phosphate,Osmotically acting laxatives
sorbitol,Osmotically acting laxatives
magnesium citrate,Osmotically acting laxatives
sodium tartrate,Osmotically acting laxatives
"lactulose, combinations",Osmotically acting laxatives
"macrogol, combinations",Osmotically acting laxatives
"dantron, incl. combinations",Enemas
glycerol,Enemas
oil,Enemas
"docusate sodium, incl. combinations",Enemas
"sodium lauryl sulfoacetate, incl. combinations",Enemas
methylnaltrexone bromide,Peripheral opioid receptor antagonists
alvimopan,Peripheral opioid receptor antagonists
naloxegol,Peripheral opioid receptor antagonists
naloxone,Peripheral opioid receptor antagonists
naldemedine,Peripheral opioid receptor antagonists
carbon dioxide producing drugs,Other drugs for constipation
lubiprostone,Other drugs for constipation
linaclotide,Other drugs for constipation
prucalopride,Other drugs for constipation
tegaserod,Other drugs for constipation
plecanatide,Other drugs for constipation
tenapanor,Other drugs for constipation
nystatin,Antibiotics
streptomycin,Antibiotics
polymyxin b,Antibiotics
paromomycin,Antibiotics
kanamycin,Antibiotics
vancomycin,Antibiotics
colistin,Antibiotics
rifaximin,Antibiotics
fidaxomicin,Antibiotics
rifamycin,Antibiotics
"neomycin, combinations",Antibiotics
"streptomycin, combinations",Antibiotics
phthalylsulfathiazole,Sulfonamides
sulfaguanidine,Sulfonamides
succinylsulfathiazole,Sulfonamides
broxyquinoline,Other intestinal antiinfectives
acetarsol,Other intestinal antiinfectives
nifuroxazide,Other intestinal antiinfectives
nifurzide,Other intestinal antiinfectives
medicinal charcoal,Charcoal preparations
"medicinal charcoal, combinations",Charcoal preparations
pectin,Other intestinal adsorbents
kaolin,Other intestinal adsorbents
crospovidone,Other intestinal adsorbents
attapulgite,Other intestinal adsorbents
diosmectite,Other intestinal adsorbents
"attapulgite, combinations",Other intestinal adsorbents
diphenoxylate,Antipropulsives
opium,Antipropulsives
loperamide,Antipropulsives
difenoxin,Antipropulsives
loperamide oxide,Antipropulsives
eluxadoline,Antipropulsives
"morphine, combinations",Antipropulsives
"loperamide, combinations",Antipropulsives
prednisolone,Corticosteroids acting locally
prednisone,Corticosteroids acting locally
betamethasone,Corticosteroids acting locally
tixocortol,Corticosteroids acting locally
budesonide,Corticosteroids acting locally
beclometasone,Corticosteroids acting locally
cromoglicic acid,"Antiallergic agents, excl. corticosteroids"
sulfasalazine,Aminosalicylic acid and similar agents
mesalazine,Aminosalicylic acid and similar agents
olsalazine,Aminosalicylic acid and similar agents
balsalazide,Aminosalicylic acid and similar agents
lactic acid producing organisms,Antidiarrheal microorganisms
saccharomyces boulardii,Antidiarrheal microorganisms
"lactic acid producing organisms, combinations",Antidiarrheal microorganisms
albumin tannate,Other antidiarrheals
ceratonia,Other antidiarrheals
calcium compounds,Other antidiarrheals
racecadotril,Other antidiarrheals
crofelemer,Other antidiarrheals
"albumin tannate, combinations",Other antidiarrheals
phentermine,Centrally acting antiobesity products
fenfluramine,Centrally acting antiobesity products
amfepramone,Centrally acting antiobesity products
dexfenfluramine,Centrally acting antiobesity products
mazindol,Centrally acting antiobesity products
etilamfetamine,Centrally acting antiobesity products
cathine,Centrally acting antiobesity products
clobenzorex,Centrally acting antiobesity products
mefenorex,Centrally acting antiobesity products
sibutramine,Centrally acting antiobesity products
lorcaserin,Centrally acting antiobesity products
"ephedrine, combinations",Centrally acting antiobesity products
bupropion and naltrexone,Centrally acting antiobesity products
orlistat,Peripherally acting antiobesity products
rimonabant,Other antiobesity drugs
diastase,Enzyme preparations
"multienzymes (lipase, protease etc.)",Enzyme preparations
pepsin,Enzyme preparations
tilactase,Enzyme preparations
glutamic acid hydrochloride,Acid preparations
betaine hydrochloride,Acid preparations
hydrochloric acid,Acid preparations
citric acid,Acid preparations
pepsin and acid preparations,"Enzyme and acid preparations, combinations"
multienzymes and acid preparations,"Enzyme and acid preparations, combinations"
insulin (human),"Insulins and analogues for injection, fast-acting"
insulin (beef),"Insulins and analogues for injection, fast-acting"
insulin (pork),"Insulins and analogues for injection, fast-acting"
insulin lispro,"Insulins and analogues for injection, fast-acting"
insulin aspart,"Insulins and analogues for injection, fast-acting"
insulin glulisine,"Insulins and analogues for injection, fast-acting"
insulin degludec and insulin aspart,"Insulins and analogues for injection, intermediate- or long-acting combined with fast-acting"
insulin glargine,"Insulins and analogues for injection, long-acting"
insulin detemir,"Insulins and analogues for injection, long-acting"
insulin degludec,"Insulins and analogues for injection, long-acting"
insulin glargine and lixisenatide,"Insulins and analogues for injection, long-acting"
insulin degludec and liraglutide,"Insulins and analogues for injection, long-acting"
phenformin,Biguanides
metformin,Biguanides
buformin,Biguanides
glibenclamide,Sulfonylureas
chlorpropamide,Sulfonylureas
tolbutamide,Sulfonylureas
glibornuride,Sulfonylureas
tolazamide,Sulfonylureas
carbutamide,Sulfonylureas
glipizide,Sulfonylureas
gliquidone,Sulfonylureas
gliclazide,Sulfonylureas
metahexamide,Sulfonylureas
glisoxepide,Sulfonylureas
glimepiride,Sulfonylureas
acetohexamide,Sulfonylureas
glymidine,Sulfonamides (heterocyclic)
phenformin and sulfonylureas,Combinations of oral blood glucose lowering drugs
metformin and sulfonylureas,Combinations of oral blood glucose lowering drugs
metformin and rosiglitazone,Combinations of oral blood glucose lowering drugs
glimepiride and rosiglitazone,Combinations of oral blood glucose lowering drugs
metformin and pioglitazone,Combinations of oral blood glucose lowering drugs
glimepiride and pioglitazone,Combinations of oral blood glucose lowering drugs
metformin and sitagliptin,Combinations of oral blood glucose lowering drugs
metformin and vildagliptin,Combinations of oral blood glucose lowering drugs
pioglitazone and alogliptin,Combinations of oral blood glucose lowering drugs
metformin and saxagliptin,Combinations of oral blood glucose lowering drugs
metformin and linagliptin,Combinations of oral blood glucose lowering drugs
pioglitazone and sitagliptin,Combinations of oral blood glucose lowering drugs
metformin and alogliptin,Combinations of oral blood glucose lowering drugs
metformin and repaglinide,Combinations of oral blood glucose lowering drugs
metformin and dapagliflozin,Combinations of oral blood glucose lowering drugs
metformin and canagliflozin,Combinations of oral blood glucose lowering drugs
metformin and acarbose,Combinations of oral blood glucose lowering drugs
metformin and gemigliptin,Combinations of oral blood glucose lowering drugs
linagliptin and empagliflozin,Combinations of oral blood glucose lowering drugs
metformin and empagliflozin,Combinations of oral blood glucose lowering drugs
saxagliptin and dapagliflozin,Combinations of oral blood glucose lowering drugs
metformin and evogliptin,Combinations of oral blood glucose lowering drugs
metformin and ertugliflozin,Combinations of oral blood glucose lowering drugs
sitagliptin and ertugliflozin,Combinations of oral blood glucose lowering drugs
"metformin, saxagliptin and dapagliflozin",Combinations of oral blood glucose lowering drugs
metformin and lobeglitazone,Combinations of oral blood glucose lowering drugs
acarbose,Alpha glucosidase inhibitors
miglitol,Alpha glucosidase inhibitors
voglibose,Alpha glucosidase inhibitors
troglitazone,Thiazolidinediones
rosiglitazone,Thiazolidinediones
pioglitazone,Thiazolidinediones
lobeglitazone,Thiazolidinediones
sitagliptin,Dipeptidyl peptidase 4 (DPP-4) inhibitors
vildagliptin,Dipeptidyl peptidase 4 (DPP-4) inhibitors
saxagliptin,Dipeptidyl peptidase 4 (DPP-4) inhibitors
alogliptin,Dipeptidyl peptidase 4 (DPP-4) inhibitors
linagliptin,Dipeptidyl peptidase 4 (DPP-4) inhibitors
gemigliptin,Dipeptidyl peptidase 4 (DPP-4) inhibitors
evogliptin,Dipeptidyl peptidase 4 (DPP-4) inhibitors
teneligliptin,Dipeptidyl peptidase 4 (DPP-4) inhibitors
sitagliptin and simvastatin,Dipeptidyl peptidase 4 (DPP-4) inhibitors
gemigliptin and rosuvastatin,Dipeptidyl peptidase 4 (DPP-4) inhibitors
exenatide,Glucagon-like peptide-1 (GLP-1) analogues
liraglutide,Glucagon-like peptide-1 (GLP-1) analogues
lixisenatide,Glucagon-like peptide-1 (GLP-1) analogues
albiglutide,Glucagon-like peptide-1 (GLP-1) analogues
dulaglutide,Glucagon-like peptide-1 (GLP-1) analogues
semaglutide,Glucagon-like peptide-1 (GLP-1) analogues
beinaglutide,Glucagon-like peptide-1 (GLP-1) analogues
dapagliflozin,Sodium-glucose co-transporter 2 (SGLT2) inhibitors
canagliflozin,Sodium-glucose co-transporter 2 (SGLT2) inhibitors
empagliflozin,Sodium-glucose co-transporter 2 (SGLT2) inhibitors
ertugliflozin,Sodium-glucose co-transporter 2 (SGLT2) inhibitors
ipragliflozin,Sodium-glucose co-transporter 2 (SGLT2) inhibitors
sotagliflozin,Sodium-glucose co-transporter 2 (SGLT2) inhibitors
luseogliflozin,Sodium-glucose co-transporter 2 (SGLT2) inhibitors
guar gum,"Other blood glucose lowering drugs, excl. insulins"
repaglinide,"Other blood glucose lowering drugs, excl. insulins"
nateglinide,"Other blood glucose lowering drugs, excl. insulins"
pramlintide,"Other blood glucose lowering drugs, excl. insulins"
benfluorex,"Other blood glucose lowering drugs, excl. insulins"
mitiglinide,"Other blood glucose lowering drugs, excl. insulins"
tolrestat,Aldose reductase inhibitors
multivitamins and iron,Multivitamins with minerals
multivitamins and calcium,Multivitamins with minerals
"multivitamins and other minerals, incl. combinations",Multivitamins with minerals
multivitamins and trace elements,Multivitamins with minerals
retinol (vit a),"Vitamin A, plain"
betacarotene,"Vitamin A, plain"
ergocalciferol,Vitamin D and analogues
dihydrotachysterol,Vitamin D and analogues
alfacalcidol,Vitamin D and analogues
calcitriol,Vitamin D and analogues
colecalciferol,Vitamin D and analogues
calcifediol,Vitamin D and analogues
"colecalciferol, combinations",Vitamin D and analogues
thiamine (vit b1),"Vitamin B1, plain"
sulbutiamine,"Vitamin B1, plain"
benfotiamine,"Vitamin B1, plain"
ascorbic acid (vit c),"Ascorbic acid (vitamin C), plain"
ascorbic acid (vit c) and calcium,"Ascorbic acid (vitamin C), combinations"
nicotinamide,Other plain vitamin preparations
pyridoxine (vit b6),Other plain vitamin preparations
tocopherol (vit e),Other plain vitamin preparations
riboflavin (vit b2),Other plain vitamin preparations
biotin,Other plain vitamin preparations
pyridoxal phosphate,Other plain vitamin preparations
inositol,Other plain vitamin preparations
tocofersolan,Other plain vitamin preparations
dexpanthenol,Other plain vitamin preparations
calcium pantothenate,Other plain vitamin preparations
pantethine,Other plain vitamin preparations
calcium phosphate,Calcium
calcium glubionate,Calcium
calcium gluconate,Calcium
calcium lactate,Calcium
calcium lactate gluconate,Calcium
calcium chloride,Calcium
calcium glycerylphosphate,Calcium
calcium citrate lysine complex,Calcium
calcium glucoheptonate,Calcium
calcium pangamate,Calcium
calcium citrate,Calcium
calcium (different salts in combination),Calcium
calcium laevulate,Calcium
potassium chloride,Potassium
potassium citrate,Potassium
potassium hydrogentartrate,Potassium
potassium hydrogencarbonate,Potassium
potassium gluconate,Potassium
potassium (different salts in combination),Potassium
"potassium chloride, combinations",Potassium
sodium chloride,Sodium
zinc sulfate,Zinc
zinc gluconate,Zinc
zinc protein complex,Zinc
magnesium chloride,Magnesium
magnesium gluconate,Magnesium
magnesium aspartate,Magnesium
magnesium lactate,Magnesium
magnesium levulinate,Magnesium
magnesium pidolate,Magnesium
magnesium orotate,Magnesium
magnesium (different salts in combination),Magnesium
"fluoride, combinations",Fluoride
sodium selenate,Selenium
sodium selenite,Selenium
androstanolone,Androstan derivatives
stanozolol,Androstan derivatives
metandienone,Androstan derivatives
metenolone,Androstan derivatives
oxymetholone,Androstan derivatives
quinbolone,Androstan derivatives
prasterone,Androstan derivatives
oxandrolone,Androstan derivatives
norethandrolone,Androstan derivatives
nandrolone,Estren derivatives
ethylestrenol,Estren derivatives
oxabolone cipionate,Estren derivatives
levocarnitine,Amino acids and derivatives
ademetionine,Amino acids and derivatives
glutamine,Amino acids and derivatives
mercaptamine,Amino acids and derivatives
carglumic acid,Amino acids and derivatives
betaine,Amino acids and derivatives
metreleptin,Amino acids and derivatives
alglucerase,Enzymes
imiglucerase,Enzymes
agalsidase alfa,Enzymes
agalsidase beta,Enzymes
laronidase,Enzymes
sacrosidase,Enzymes
alglucosidase alfa,Enzymes
galsulfase,Enzymes
idursulfase,Enzymes
velaglucerase alfa,Enzymes
taliglucerase alfa,Enzymes
elosulfase alfa,Enzymes
asfotase alfa,Enzymes
sebelipase alfa,Enzymes
velmanase alfa,Enzymes
idursulfase beta,Enzymes
cerliponase alfa,Enzymes
vestronidase alfa,Enzymes
pegvaliase,Enzymes
thioctic acid,Various alimentary tract and metabolism products
anethole trithione,Various alimentary tract and metabolism products
sodium phenylbutyrate,Various alimentary tract and metabolism products
nitisinone,Various alimentary tract and metabolism products
zinc acetate,Various alimentary tract and metabolism products
miglustat,Various alimentary tract and metabolism products
sapropterin,Various alimentary tract and metabolism products
teduglutide,Various alimentary tract and metabolism products
glycerol phenylbutyrate,Various alimentary tract and metabolism products
eliglustat,Various alimentary tract and metabolism products
sodium benzoate,Various alimentary tract and metabolism products
trientine,Various alimentary tract and metabolism products
uridine triacetate,Various alimentary tract and metabolism products
migalastat,Various alimentary tract and metabolism products
telotristat,Various alimentary tract and metabolism products
givosiran,Various alimentary tract and metabolism products
triheptanoin,Various alimentary tract and metabolism products
lumasiran,Various alimentary tract and metabolism products
sodium benzoate and sodium phenylacetate,Various alimentary tract and metabolism products
dicoumarol,Vitamin K antagonists
phenindione,Vitamin K antagonists
warfarin,Vitamin K antagonists
phenprocoumon,Vitamin K antagonists
acenocoumarol,Vitamin K antagonists
ethyl biscoumacetate,Vitamin K antagonists
clorindione,Vitamin K antagonists
diphenadione,Vitamin K antagonists
tioclomarol,Vitamin K antagonists
fluindione,Vitamin K antagonists
heparin,Heparin group
antithrombin iii,Heparin group
dalteparin,Heparin group
enoxaparin,Heparin group
nadroparin,Heparin group
parnaparin,Heparin group
reviparin,Heparin group
danaparoid,Heparin group
tinzaparin,Heparin group
sulodexide,Heparin group
bemiparin,Heparin group
"heparin, combinations",Heparin group
ditazole,Platelet aggregation inhibitors excl. heparin
cloricromen,Platelet aggregation inhibitors excl. heparin
picotamide,Platelet aggregation inhibitors excl. heparin
clopidogrel,Platelet aggregation inhibitors excl. heparin
ticlopidine,Platelet aggregation inhibitors excl. heparin
dipyridamole,Platelet aggregation inhibitors excl. heparin
carbasalate calcium,Platelet aggregation inhibitors excl. heparin
epoprostenol,Platelet aggregation inhibitors excl. heparin
indobufen,Platelet aggregation inhibitors excl. heparin
iloprost,Platelet aggregation inhibitors excl. heparin
abciximab,Platelet aggregation inhibitors excl. heparin
aloxiprin,Platelet aggregation inhibitors excl. heparin
eptifibatide,Platelet aggregation inhibitors excl. heparin
tirofiban,Platelet aggregation inhibitors excl. heparin
triflusal,Platelet aggregation inhibitors excl. heparin
beraprost,Platelet aggregation inhibitors excl. heparin
treprostinil,Platelet aggregation inhibitors excl. heparin
prasugrel,Platelet aggregation inhibitors excl. heparin
cilostazol,Platelet aggregation inhibitors excl. heparin
ticagrelor,Platelet aggregation inhibitors excl. heparin
cangrelor,Platelet aggregation inhibitors excl. heparin
vorapaxar,Platelet aggregation inhibitors excl. heparin
selexipag,Platelet aggregation inhibitors excl. heparin
"acetylsalicylic acid, combinations with proton pump inhibitors",Platelet aggregation inhibitors excl. heparin
streptokinase,Enzymes
alteplase,Enzymes
anistreplase,Enzymes
urokinase,Enzymes
fibrinolysin,Enzymes
brinase,Enzymes
reteplase,Enzymes
saruplase,Enzymes
ancrod,Enzymes
drotrecogin alfa (activated),Enzymes
tenecteplase,Enzymes
protein c,Enzymes
desirudin,Direct thrombin inhibitors
lepirudin,Direct thrombin inhibitors
argatroban,Direct thrombin inhibitors
melagatran,Direct thrombin inhibitors
ximelagatran,Direct thrombin inhibitors
bivalirudin,Direct thrombin inhibitors
dabigatran etexilate,Direct thrombin inhibitors
rivaroxaban,Direct factor Xa inhibitors
apixaban,Direct factor Xa inhibitors
edoxaban,Direct factor Xa inhibitors
betrixaban,Direct factor Xa inhibitors
defibrotide,Other antithrombotic agents
dermatan sulfate,Other antithrombotic agents
fondaparinux,Other antithrombotic agents
caplacizumab,Other antithrombotic agents
aminocaproic acid,Amino acids
tranexamic acid,Amino acids
aminomethylbenzoic acid,Amino acids
aprotinin,Proteinase inhibitors
alfa1 antitrypsin,Proteinase inhibitors
camostat,Proteinase inhibitors
ulinastatin,Proteinase inhibitors
phytomenadione,Vitamin K
menadione,Vitamin K
"fibrinogen, human",Fibrinogen
absorbable gelatin sponge,Local hemostatics
oxidized cellulose,Local hemostatics
tetragalacturonic acid hydroxymethylester,Local hemostatics
thrombin,Local hemostatics
collagen,Local hemostatics
calcium alginate,Local hemostatics
"coagulation factor ix, ii, vii and x in combination",Blood coagulation factors
coagulation factor viii,Blood coagulation factors
factor viii inhibitor bypassing activity,Blood coagulation factors
coagulation factor ix,Blood coagulation factors
coagulation factor vii,Blood coagulation factors
von willebrand factor and coagulation factor viii in combination,Blood coagulation factors
coagulation factor xiii,Blood coagulation factors
coagulation factor viia,Blood coagulation factors
von willebrand factor,Blood coagulation factors
catridecacog,Blood coagulation factors
coagulation factor x,Blood coagulation factors
susoctocog alfa,Blood coagulation factors
etamsylate,Other systemic hemostatics
carbazochrome,Other systemic hemostatics
batroxobin,Other systemic hemostatics
romiplostim,Other systemic hemostatics
eltrombopag,Other systemic hemostatics
emicizumab,Other systemic hemostatics
lusutrombopag,Other systemic hemostatics
avatrombopag,Other systemic hemostatics
fostamatinib,Other systemic hemostatics
ferrous glycine sulfate,"Iron bivalent, oral preparations"
ferrous fumarate,"Iron bivalent, oral preparations"
ferrous gluconate,"Iron bivalent, oral preparations"
ferrous carbonate,"Iron bivalent, oral preparations"
ferrous chloride,"Iron bivalent, oral preparations"
ferrous succinate,"Iron bivalent, oral preparations"
ferrous sulfate,"Iron bivalent, oral preparations"
ferrous tartrate,"Iron bivalent, oral preparations"
ferrous aspartate,"Iron bivalent, oral preparations"
ferrous ascorbate,"Iron bivalent, oral preparations"
ferrous iodine,"Iron bivalent, oral preparations"
ferrous sodium citrate,"Iron bivalent, oral preparations"
ferric sodium citrate,"Iron trivalent, oral preparations"
saccharated iron oxide,"Iron trivalent, oral preparations"
sodium feredetate,"Iron trivalent, oral preparations"
ferric hydroxide,"Iron trivalent, oral preparations"
ferric oxide polymaltose complexes,"Iron trivalent, oral preparations"
chondroitin sulfate-iron complex,"Iron trivalent, oral preparations"
ferric acetyl transferrin,"Iron trivalent, oral preparations"
ferric proteinsuccinylate,"Iron trivalent, oral preparations"
ferric maltol,"Iron trivalent, oral preparations"
ferrous amino acid complex,Iron in combination with folic acid
"iron, vitamin b12 and folic acid",Iron in other combinations
"iron, multivitamins and folic acid",Iron in other combinations
iron and multivitamins,Iron in other combinations
"iron, multivitamins and minerals",Iron in other combinations
various combinations,Iron in other combinations
cyanocobalamin,Vitamin B12 (cyanocobalamin and analogues)
cyanocobalamin tannin complex,Vitamin B12 (cyanocobalamin and analogues)
hydroxocobalamin,Vitamin B12 (cyanocobalamin and analogues)
cobamamide,Vitamin B12 (cyanocobalamin and analogues)
mecobalamin,Vitamin B12 (cyanocobalamin and analogues)
"cyanocobalamin, combinations",Vitamin B12 (cyanocobalamin and analogues)
"hydroxocobalamin, combinations",Vitamin B12 (cyanocobalamin and analogues)
folic acid,Folic acid and derivatives
"folic acid, combinations",Folic acid and derivatives
erythropoietin,Other antianemic preparations
darbepoetin alfa,Other antianemic preparations
methoxy polyethylene glycol-epoetin beta,Other antianemic preparations
peginesatide,Other antianemic preparations
roxadustat,Other antianemic preparations
luspatercept,Other antianemic preparations
albumin,Blood substitutes and plasma protein fractions
other plasma protein fractions,Blood substitutes and plasma protein fractions
fluorocarbon blood substitutes,Blood substitutes and plasma protein fractions
dextran,Blood substitutes and plasma protein fractions
gelatin agents,Blood substitutes and plasma protein fractions
hydroxyethylstarch,Blood substitutes and plasma protein fractions
hemoglobin crosfumaril,Blood substitutes and plasma protein fractions
hemoglobin raffimer,Blood substitutes and plasma protein fractions
hemoglobin glutamer (bovine),Blood substitutes and plasma protein fractions
erythrocytes,Other blood products
thrombocytes,Other blood products
blood plasma,Other blood products
stem cells from umbilical cord blood,Other blood products
amino acids,Solutions for parenteral nutrition
fat emulsions,Solutions for parenteral nutrition
carbohydrates,Solutions for parenteral nutrition
protein hydrolysates,Solutions for parenteral nutrition
electrolytes,Solutions affecting the electrolyte balance
electrolytes with carbohydrates,Solutions affecting the electrolyte balance
trometamol,Solutions affecting the electrolyte balance
electrolytes in combination with other drugs,Solutions affecting the electrolyte balance
carbamide,Solutions producing osmotic diuresis
cetylpyridinium,Antiinfectives
nitrofural,Antiinfectives
sulfamethizole,Antiinfectives
taurolidine,Antiinfectives
mandelic acid,Antiinfectives
noxytiolin,Antiinfectives
ethacridine lactate,Antiinfectives
sodium citrate,Salt solutions
sodium bicarbonate,Salt solutions
glucose,Other irrigating solutions
glycine,Other irrigating solutions
ammonium chloride,Electrolyte solutions
"potassium phosphate, incl. combinations with other potassium salts",Electrolyte solutions
sodium acetate,Electrolyte solutions
magnesium phosphate,Electrolyte solutions
zinc chloride,Electrolyte solutions
sodium glycerophosphate,Electrolyte solutions
potassium lactate,Electrolyte solutions
cardioplegia solutions,Electrolyte solutions
potassium acetate,Electrolyte solutions
combinations of electrolytes,Electrolyte solutions
arginine hydrochloride,Amino acids
alanyl glutamine,Amino acids
lysine,Amino acids
fibrinolysin and desoxyribonuclease,Enzymes
hyaluronidase,Enzymes
chymotrypsin,Enzymes
trypsin,Enzymes
desoxyribonuclease,Enzymes
"streptokinase, combinations",Enzymes
hemin,Heme products
"c1-inhibitor, plasma derived",Drugs used in hereditary angioedema
icatibant,Drugs used in hereditary angioedema
ecallantide,Drugs used in hereditary angioedema
conestat alfa,Drugs used in hereditary angioedema
lanadelumab,Drugs used in hereditary angioedema
crizanlizumab,Other hematological agents
betibeglogene autotemcel,Other hematological agents
acetyldigitoxin,Digitalis glycosides
acetyldigoxin,Digitalis glycosides
digitalis leaves,Digitalis glycosides
digitoxin,Digitalis glycosides
digoxin,Digitalis glycosides
lanatoside c,Digitalis glycosides
deslanoside,Digitalis glycosides
metildigoxin,Digitalis glycosides
gitoformate,Digitalis glycosides
"acetyldigoxin, combinations",Digitalis glycosides
proscillaridin,Scilla glycosides
"proscillaridin, combinations",Scilla glycosides
g-strophanthin,Strophanthus glycosides
cymarin,Strophanthus glycosides
peruvoside,Other cardiac glycosides
quinidine,"Antiarrhythmics, class Ia"
procainamide,"Antiarrhythmics, class Ia"
disopyramide,"Antiarrhythmics, class Ia"
sparteine,"Antiarrhythmics, class Ia"
ajmaline,"Antiarrhythmics, class Ia"
prajmaline,"Antiarrhythmics, class Ia"
lorajmine,"Antiarrhythmics, class Ia"
hydroquinidine,"Antiarrhythmics, class Ia"
"quinidine, combinations excl. psycholeptics","Antiarrhythmics, class Ia"
"quinidine, combinations with psycholeptics","Antiarrhythmics, class Ia"
lidocaine,"Antiarrhythmics, class Ib"
mexiletine,"Antiarrhythmics, class Ib"
tocainide,"Antiarrhythmics, class Ib"
aprindine,"Antiarrhythmics, class Ib"
propafenone,"Antiarrhythmics, class Ic"
flecainide,"Antiarrhythmics, class Ic"
lorcainide,"Antiarrhythmics, class Ic"
encainide,"Antiarrhythmics, class Ic"
ethacizine,"Antiarrhythmics, class Ic"
amiodarone,"Antiarrhythmics, class III"
bretylium tosilate,"Antiarrhythmics, class III"
bunaftine,"Antiarrhythmics, class III"
dofetilide,"Antiarrhythmics, class III"
ibutilide,"Antiarrhythmics, class III"
tedisamil,"Antiarrhythmics, class III"
dronedarone,"Antiarrhythmics, class III"
moracizine,"Other antiarrhythmics, class I and III"
cibenzoline,"Other antiarrhythmics, class I and III"
vernakalant,"Other antiarrhythmics, class I and III"
etilefrine,Adrenergic and dopaminergic agents
isoprenaline,Adrenergic and dopaminergic agents
norepinephrine,Adrenergic and dopaminergic agents
dopamine,Adrenergic and dopaminergic agents
norfenefrine,Adrenergic and dopaminergic agents
phenylephrine,Adrenergic and dopaminergic agents
dobutamine,Adrenergic and dopaminergic agents
oxedrine,Adrenergic and dopaminergic agents
metaraminol,Adrenergic and dopaminergic agents
methoxamine,Adrenergic and dopaminergic agents
mephentermine,Adrenergic and dopaminergic agents
dimetofrine,Adrenergic and dopaminergic agents
prenalterol,Adrenergic and dopaminergic agents
dopexamine,Adrenergic and dopaminergic agents
gepefrine,Adrenergic and dopaminergic agents
ibopamine,Adrenergic and dopaminergic agents
midodrine,Adrenergic and dopaminergic agents
octopamine,Adrenergic and dopaminergic agents
fenoldopam,Adrenergic and dopaminergic agents
cafedrine,Adrenergic and dopaminergic agents
arbutamine,Adrenergic and dopaminergic agents
theodrenaline,Adrenergic and dopaminergic agents
amezinium metilsulfate,Adrenergic and dopaminergic agents
ephedrine,Adrenergic and dopaminergic agents
droxidopa,Adrenergic and dopaminergic agents
"etilefrine, combinations",Adrenergic and dopaminergic agents
amrinone,Phosphodiesterase inhibitors
milrinone,Phosphodiesterase inhibitors
enoximone,Phosphodiesterase inhibitors
bucladesine,Phosphodiesterase inhibitors
angiotensinamide,Other cardiac stimulants
xamoterol,Other cardiac stimulants
levosimendan,Other cardiac stimulants
angiotensin ii,Other cardiac stimulants
glyceryl trinitrate,Organic nitrates
methylpropylpropanediol dinitrate,Organic nitrates
pentaerithrityl tetranitrate,Organic nitrates
propatylnitrate,Organic nitrates
isosorbide dinitrate,Organic nitrates
trolnitrate,Organic nitrates
eritrityl tetranitrate,Organic nitrates
isosorbide mononitrate,Organic nitrates
organic nitrates in combination,Organic nitrates
tenitramine,Organic nitrates
"glyceryl trinitrate, combinations",Organic nitrates
"methylpropylpropanediol dinitrate, combinations",Organic nitrates
"pentaerithrityl tetranitrate, combinations",Organic nitrates
"propatylnitrate, combinations",Organic nitrates
"isosorbide dinitrate, combinations",Organic nitrates
"trolnitrate, combinations",Organic nitrates
"eritrityl tetranitrate, combinations",Organic nitrates
organic nitrates in combination with psycholeptics,Organic nitrates
flosequinan,Quinolone vasodilators
itramin tosilate,Other vasodilators used in cardiac diseases
prenylamine,Other vasodilators used in cardiac diseases
oxyfedrine,Other vasodilators used in cardiac diseases
benziodarone,Other vasodilators used in cardiac diseases
carbocromen,Other vasodilators used in cardiac diseases
hexobendine,Other vasodilators used in cardiac diseases
etafenone,Other vasodilators used in cardiac diseases
heptaminol,Other vasodilators used in cardiac diseases
imolamine,Other vasodilators used in cardiac diseases
dilazep,Other vasodilators used in cardiac diseases
trapidil,Other vasodilators used in cardiac diseases
molsidomine,Other vasodilators used in cardiac diseases
efloxate,Other vasodilators used in cardiac diseases
cinepazet,Other vasodilators used in cardiac diseases
cloridarol,Other vasodilators used in cardiac diseases
nicorandil,Other vasodilators used in cardiac diseases
linsidomine,Other vasodilators used in cardiac diseases
nesiritide,Other vasodilators used in cardiac diseases
serelaxin,Other vasodilators used in cardiac diseases
vericiguat,Other vasodilators used in cardiac diseases
"itramin tosilate, combinations",Other vasodilators used in cardiac diseases
"prenylamine, combinations",Other vasodilators used in cardiac diseases
"oxyfedrine, combinations",Other vasodilators used in cardiac diseases
"benziodarone, combinations",Other vasodilators used in cardiac diseases
alprostadil,Prostaglandins
camphora,Other cardiac preparations
indometacin,Other cardiac preparations
crataegus glycosides,Other cardiac preparations
creatinolfosfate,Other cardiac preparations
fosfocreatine,Other cardiac preparations
"fructose 1,6-diphosphate",Other cardiac preparations
ubidecarenone,Other cardiac preparations
adenosine,Other cardiac preparations
tiracizine,Other cardiac preparations
acadesine,Other cardiac preparations
trimetazidine,Other cardiac preparations
ibuprofen,Other cardiac preparations
ivabradine,Other cardiac preparations
ranolazine,Other cardiac preparations
regadenoson,Other cardiac preparations
meldonium,Other cardiac preparations
tiazotic acid,Other cardiac preparations
rescinnamine,Rauwolfia alkaloids
reserpine,Rauwolfia alkaloids
combinations of rauwolfia alkaloids,Rauwolfia alkaloids
"rauwolfia alkaloids, whole root",Rauwolfia alkaloids
deserpidine,Rauwolfia alkaloids
methoserpidine,Rauwolfia alkaloids
bietaserpine,Rauwolfia alkaloids
"reserpine, combinations",Rauwolfia alkaloids
"combinations of rauwolfia alkoloids, combinations",Rauwolfia alkaloids
"bietaserpine, combinations",Rauwolfia alkaloids
methyldopa (levorotatory),Methyldopa
methyldopa (racemic),Methyldopa
clonidine,Imidazoline receptor agonists
guanfacine,Imidazoline receptor agonists
tolonidine,Imidazoline receptor agonists
moxonidine,Imidazoline receptor agonists
rilmenidine,Imidazoline receptor agonists
trimetaphan,Sulfonium derivatives
mecamylamine,Secondary and tertiary amines
prazosin,Alpha-adrenoreceptor antagonists
indoramin,Alpha-adrenoreceptor antagonists
trimazosin,Alpha-adrenoreceptor antagonists
doxazosin,Alpha-adrenoreceptor antagonists
urapidil,Alpha-adrenoreceptor antagonists
betanidine,Guanidine derivatives
guanethidine,Guanidine derivatives
guanoxan,Guanidine derivatives
debrisoquine,Guanidine derivatives
guanoclor,Guanidine derivatives
guanazodine,Guanidine derivatives
guanoxabenz,Guanidine derivatives
diazoxide,Thiazide derivatives
dihydralazine,Hydrazinophthalazine derivatives
hydralazine,Hydrazinophthalazine derivatives
endralazine,Hydrazinophthalazine derivatives
cadralazine,Hydrazinophthalazine derivatives
minoxidil,Pyrimidine derivatives
nitroprusside,Nitroferricyanide derivatives
pinacidil,Guanidine derivatives
veratrum,"Alkaloids, excl. rauwolfia"
metirosine,Tyrosine hydroxylase inhibitors
pargyline,MAO inhibitors
ketanserin,Serotonin antagonists
bosentan,Antihypertensives for pulmonary arterial hypertension
ambrisentan,Antihypertensives for pulmonary arterial hypertension
sitaxentan,Antihypertensives for pulmonary arterial hypertension
macitentan,Antihypertensives for pulmonary arterial hypertension
riociguat,Antihypertensives for pulmonary arterial hypertension
ambrisentan and tadalafil,Antihypertensives for pulmonary arterial hypertension
reserpine and diuretics,Rauwolfia alkaloids and diuretics in combination
rescinnamine and diuretics,Rauwolfia alkaloids and diuretics in combination
deserpidine and diuretics,Rauwolfia alkaloids and diuretics in combination
methoserpidine and diuretics,Rauwolfia alkaloids and diuretics in combination
bietaserpine and diuretics,Rauwolfia alkaloids and diuretics in combination
"rauwolfia alkaloids, whole root and diuretics",Rauwolfia alkaloids and diuretics in combination
syrosingopine and diuretics,Rauwolfia alkaloids and diuretics in combination
combination of rauwolfia alkaloids and diuretics incl. other combinations,Rauwolfia alkaloids and diuretics in combination
"reserpine and diuretics, combinations with other drugs",Rauwolfia alkaloids and diuretics in combination
"rescinnamine and diuretics, combinations with other drugs",Rauwolfia alkaloids and diuretics in combination
"reserpine and diuretics, combinations with psycholeptics",Rauwolfia alkaloids and diuretics in combination
methyldopa (levorotatory) and diuretics,Methyldopa and diuretics in combination
clonidine and diuretics,Imidazoline receptor agonists in combination with diuretics
moxonidine and diuretics,Imidazoline receptor agonists in combination with diuretics
"clonidine and diuretics, combinations with other drugs",Imidazoline receptor agonists in combination with diuretics
prazosin and diuretics,Alpha-adrenoreceptor antagonists and diuretics
guanethidine and diuretics,Guanidine derivatives and diuretics
dihydralazine and diuretics,Hydrazinophthalazine derivatives and diuretics
hydralazine and diuretics,Hydrazinophthalazine derivatives and diuretics
picodralazine and diuretics,Hydrazinophthalazine derivatives and diuretics
"dihydralazine and diuretics, combinations with other drugs",Hydrazinophthalazine derivatives and diuretics
"picodralazine and diuretics, combinations with psycholeptics",Hydrazinophthalazine derivatives and diuretics
veratrum and diuretics,"Alkaloids, excl. rauwolfia, in combination with diuretics"
pargyline and diuretics,MAO inhibitors and diuretics
pinacidil and diuretics,Other antihypertensives and diuretics
bendroflumethiazide,"Thiazides, plain"
hydroflumethiazide,"Thiazides, plain"
hydrochlorothiazide,"Thiazides, plain"
chlorothiazide,"Thiazides, plain"
polythiazide,"Thiazides, plain"
trichlormethiazide,"Thiazides, plain"
cyclopenthiazide,"Thiazides, plain"
methyclothiazide,"Thiazides, plain"
cyclothiazide,"Thiazides, plain"
mebutizide,"Thiazides, plain"
bendroflumethiazide and potassium,Thiazides and potassium in combination
hydroflumethiazide and potassium,Thiazides and potassium in combination
hydrochlorothiazide and potassium,Thiazides and potassium in combination
chlorothiazide and potassium,Thiazides and potassium in combination
polythiazide and potassium,Thiazides and potassium in combination
trichlormethiazide and potassium,Thiazides and potassium in combination
cyclopenthiazide and potassium,Thiazides and potassium in combination
methyclothiazide and potassium,Thiazides and potassium in combination
cyclothiazide and potassium,Thiazides and potassium in combination
"chlorothiazide, combinations","Thiazides, combinations with psycholeptics and/or analgesics"
"hydroflumethiazide, combinations","Thiazides, combinations with psycholeptics and/or analgesics"
"hydrochlorothiazide, combinations","Thiazides, combinations with other drugs"
quinethazone,"Sulfonamides, plain"
clopamide,"Sulfonamides, plain"
chlortalidone,"Sulfonamides, plain"
mefruside,"Sulfonamides, plain"
clofenamide,"Sulfonamides, plain"
metolazone,"Sulfonamides, plain"
meticrane,"Sulfonamides, plain"
xipamide,"Sulfonamides, plain"
indapamide,"Sulfonamides, plain"
clorexolone,"Sulfonamides, plain"
fenquizone,"Sulfonamides, plain"
"clorexolone, combinations with psycholeptics","Sulfonamides, plain"
quinethazone and potassium,Sulfonamides and potassium in combination
clopamide and potassium,Sulfonamides and potassium in combination
chlortalidone and potassium,Sulfonamides and potassium in combination
mefruside and potassium,Sulfonamides and potassium in combination
clofenamide and potassium,Sulfonamides and potassium in combination
mersalyl,Mercurial diuretics
theobromine,Xanthine derivatives
cicletanine,Other low-ceiling diuretics
furosemide,"Sulfonamides, plain"
bumetanide,"Sulfonamides, plain"
piretanide,"Sulfonamides, plain"
torasemide,"Sulfonamides, plain"
furosemide and potassium,Sulfonamides and potassium in combination
bumetanide and potassium,Sulfonamides and potassium in combination
etacrynic acid,Aryloxyacetic acid derivatives
tienilic acid,Aryloxyacetic acid derivatives
muzolimine,Pyrazolone derivatives
etozolin,Other high-ceiling diuretics
spironolactone,Aldosterone antagonists
potassium canrenoate,Aldosterone antagonists
canrenone,Aldosterone antagonists
eplerenone,Aldosterone antagonists
amiloride,Other potassium-sparing agents
triamterene,Other potassium-sparing agents
hydrochlorothiazide and potassium-sparing agents,Low-ceiling diuretics and potassium-sparing agents
trichlormethiazide and potassium-sparing agents,Low-ceiling diuretics and potassium-sparing agents
epitizide and potassium-sparing agents,Low-ceiling diuretics and potassium-sparing agents
altizide and potassium-sparing agents,Low-ceiling diuretics and potassium-sparing agents
mebutizide and potassium-sparing agents,Low-ceiling diuretics and potassium-sparing agents
chlortalidone and potassium-sparing agents,Low-ceiling diuretics and potassium-sparing agents
cyclopenthiazide and potassium-sparing agents,Low-ceiling diuretics and potassium-sparing agents
metolazone and potassium-sparing agents,Low-ceiling diuretics and potassium-sparing agents
bendroflumethiazide and potassium-sparing agents,Low-ceiling diuretics and potassium-sparing agents
butizide and potassium-sparing agents,Low-ceiling diuretics and potassium-sparing agents
furosemide and potassium-sparing agents,High-ceiling diuretics and potassium-sparing agents
bumetanide and potassium-sparing agents,High-ceiling diuretics and potassium-sparing agents
tolvaptan,Vasopressin antagonists
conivaptan,Vasopressin antagonists
isoxsuprine,2-amino-1-phenylethanol derivatives
buphenine,2-amino-1-phenylethanol derivatives
bamethan,2-amino-1-phenylethanol derivatives
phentolamine,Imidazoline derivatives
tolazoline,Imidazoline derivatives
nicotinic acid,Nicotinic acid and derivatives
nicotinyl alcohol (pyridylcarbinol),Nicotinic acid and derivatives
inositol nicotinate,Nicotinic acid and derivatives
ciclonicate,Nicotinic acid and derivatives
pentifylline,Purine derivatives
xantinol nicotinate,Purine derivatives
pentoxifylline,Purine derivatives
etofylline nicotinate,Purine derivatives
ergoloid mesylates,Ergot alkaloids
nicergoline,Ergot alkaloids
dihydroergocristine,Ergot alkaloids
"ergoloid mesylates, combinations",Ergot alkaloids
"dihydroergocristine, combinations",Ergot alkaloids
kallidinogenase,Enzymes
cyclandelate,Other peripheral vasodilators
phenoxybenzamine,Other peripheral vasodilators
vincamine,Other peripheral vasodilators
moxisylyte,Other peripheral vasodilators
bencyclane,Other peripheral vasodilators
vinburnine,Other peripheral vasodilators
suloctidil,Other peripheral vasodilators
buflomedil,Other peripheral vasodilators
naftidrofuryl,Other peripheral vasodilators
butalamine,Other peripheral vasodilators
visnadine,Other peripheral vasodilators
cetiedil,Other peripheral vasodilators
cinepazide,Other peripheral vasodilators
ifenprodil,Other peripheral vasodilators
azapetine,Other peripheral vasodilators
fasudil,Other peripheral vasodilators
fluorometholone,Corticosteroids
fluocortolone,Corticosteroids
fluocinolone acetonide,Corticosteroids
fluocinonide,Corticosteroids
tetracaine,Local anesthetics
benzocaine,Local anesthetics
cinchocaine,Local anesthetics
procaine,Local anesthetics
oxetacaine,Local anesthetics
pramocaine,Local anesthetics
diltiazem,Muscle relaxants
aluminium preparations,Other agents for treatment of hemorrhoids and anal fissures for topical use
"bismuth preparations, combinations",Other agents for treatment of hemorrhoids and anal fissures for topical use
"other preparations, combinations",Other agents for treatment of hemorrhoids and anal fissures for topical use
zinc preparations,Other agents for treatment of hemorrhoids and anal fissures for topical use
tribenoside,Other agents for treatment of hemorrhoids and anal fissures for topical use
organo-heparinoid,Heparins or heparinoids for topical use
sodium apolate,Heparins or heparinoids for topical use
pentosan polysulfate sodium,Heparins or heparinoids for topical use
"heparinoid, combinations",Heparins or heparinoids for topical use
monoethanolamine oleate,Sclerosing agents for local injection
polidocanol,Sclerosing agents for local injection
invert sugar,Sclerosing agents for local injection
sodium tetradecyl sulfate,Sclerosing agents for local injection
phenol,Sclerosing agents for local injection
"glucose, combinations",Sclerosing agents for local injection
calcium dobesilate,Other sclerosing agents
"calcium dobesilate, combinations",Other sclerosing agents
rutoside,Bioflavonoids
monoxerutin,Bioflavonoids
diosmin,Bioflavonoids
troxerutin,Bioflavonoids
hidrosmin,Bioflavonoids
"rutoside, combinations",Bioflavonoids
"diosmin, combinations",Bioflavonoids
"troxerutin, combinations",Bioflavonoids
naftazone,Other capillary stabilizing agents
hippocastani semen,Other capillary stabilizing agents
alprenolol,"Beta blocking agents, non-selective"
oxprenolol,"Beta blocking agents, non-selective"
pindolol,"Beta blocking agents, non-selective"
propranolol,"Beta blocking agents, non-selective"
timolol,"Beta blocking agents, non-selective"
sotalol,"Beta blocking agents, non-selective"
nadolol,"Beta blocking agents, non-selective"
mepindolol,"Beta blocking agents, non-selective"
carteolol,"Beta blocking agents, non-selective"
tertatolol,"Beta blocking agents, non-selective"
bopindolol,"Beta blocking agents, non-selective"
bupranolol,"Beta blocking agents, non-selective"
penbutolol,"Beta blocking agents, non-selective"
cloranolol,"Beta blocking agents, non-selective"
practolol,"Beta blocking agents, selective"
metoprolol,"Beta blocking agents, selective"
atenolol,"Beta blocking agents, selective"
acebutolol,"Beta blocking agents, selective"
betaxolol,"Beta blocking agents, selective"
bevantolol,"Beta blocking agents, selective"
bisoprolol,"Beta blocking agents, selective"
celiprolol,"Beta blocking agents, selective"
esmolol,"Beta blocking agents, selective"
epanolol,"Beta blocking agents, selective"
s-atenolol,"Beta blocking agents, selective"
nebivolol,"Beta blocking agents, selective"
talinolol,"Beta blocking agents, selective"
landiolol,"Beta blocking agents, selective"
labetalol,Alpha and beta blocking agents
carvedilol,Alpha and beta blocking agents
oxprenolol and thiazides,"Beta blocking agents, non-selective, and thiazides"
propranolol and thiazides,"Beta blocking agents, non-selective, and thiazides"
timolol and thiazides,"Beta blocking agents, non-selective, and thiazides"
sotalol and thiazides,"Beta blocking agents, non-selective, and thiazides"
nadolol and thiazides,"Beta blocking agents, non-selective, and thiazides"
"metipranolol and thiazides, combinations","Beta blocking agents, non-selective, and thiazides"
metoprolol and thiazides,"Beta blocking agents, selective, and thiazides"
atenolol and thiazides,"Beta blocking agents, selective, and thiazides"
acebutolol and thiazides,"Beta blocking agents, selective, and thiazides"
bevantolol and thiazides,"Beta blocking agents, selective, and thiazides"
bisoprolol and thiazides,"Beta blocking agents, selective, and thiazides"
nebivolol and thiazides,"Beta blocking agents, selective, and thiazides"
"metoprolol and thiazides, combinations","Beta blocking agents, selective, and thiazides"
labetalol and thiazides,Alpha and beta blocking agents and thiazides
oxprenolol and other diuretics,"Beta blocking agents, non-selective, and other diuretics"
pindolol and other diuretics,"Beta blocking agents, non-selective, and other diuretics"
bopindolol and other diuretics,"Beta blocking agents, non-selective, and other diuretics"
penbutolol and other diuretics,"Beta blocking agents, non-selective, and other diuretics"
metoprolol and other diuretics,"Beta blocking agents, selective, and other diuretics"
atenolol and other diuretics,"Beta blocking agents, selective, and other diuretics"
"atenolol and other diuretics, combinations","Beta blocking agents, selective, and other diuretics"
labetalol and other diuretics,Alpha and beta blocking agents and other diuretics
"timolol, thiazides and other diuretics","Beta blocking agents, non-selective, thiazides and other diuretics"
"atenolol, thiazides and other diuretics","Beta blocking agents, selective, thiazides and other diuretics"
metoprolol and felodipine,Beta blocking agents and calcium channel blockers
atenolol and nifedipine,Beta blocking agents and calcium channel blockers
bisoprolol and amlodipine,Beta blocking agents and calcium channel blockers
nebivolol and amlodipine,Beta blocking agents and calcium channel blockers
metoprolol and amlodipine,Beta blocking agents and calcium channel blockers
propranolol and other combinations,"Beta blocking agents, other combinations"
sotalol and acetylsalicylic acid,"Beta blocking agents, other combinations"
metoprolol and acetylsalicylic acid,"Beta blocking agents, other combinations"
bisoprolol and acetylsalicylic acid,"Beta blocking agents, other combinations"
metoprolol and ivabradine,"Beta blocking agents, other combinations"
carvedilol and ivabradine,"Beta blocking agents, other combinations"
amlodipine,Dihydropyridine derivatives
felodipine,Dihydropyridine derivatives
isradipine,Dihydropyridine derivatives
nicardipine,Dihydropyridine derivatives
nifedipine,Dihydropyridine derivatives
nimodipine,Dihydropyridine derivatives
nisoldipine,Dihydropyridine derivatives
nitrendipine,Dihydropyridine derivatives
lacidipine,Dihydropyridine derivatives
nilvadipine,Dihydropyridine derivatives
manidipine,Dihydropyridine derivatives
barnidipine,Dihydropyridine derivatives
lercanidipine,Dihydropyridine derivatives
cilnidipine,Dihydropyridine derivatives
benidipine,Dihydropyridine derivatives
clevidipine,Dihydropyridine derivatives
amlodipine and celecoxib,Dihydropyridine derivatives
"nifedipine, combinations",Dihydropyridine derivatives
mibefradil,Other selective calcium channel blockers with mainly vascular effects
verapamil,Phenylalkylamine derivatives
gallopamil,Phenylalkylamine derivatives
"verapamil, combinations",Phenylalkylamine derivatives
fendiline,Phenylalkylamine derivatives
bepridil,Phenylalkylamine derivatives
lidoflazine,Other non-selective calcium channel blockers
perhexiline,Other non-selective calcium channel blockers
nifedipine and diuretics,Calcium channel blockers and diuretics
amlodipine and diuretics,Calcium channel blockers and diuretics
captopril,"ACE inhibitors, plain"
enalapril,"ACE inhibitors, plain"
lisinopril,"ACE inhibitors, plain"
perindopril,"ACE inhibitors, plain"
ramipril,"ACE inhibitors, plain"
quinapril,"ACE inhibitors, plain"
benazepril,"ACE inhibitors, plain"
cilazapril,"ACE inhibitors, plain"
fosinopril,"ACE inhibitors, plain"
trandolapril,"ACE inhibitors, plain"
spirapril,"ACE inhibitors, plain"
delapril,"ACE inhibitors, plain"
moexipril,"ACE inhibitors, plain"
temocapril,"ACE inhibitors, plain"
zofenopril,"ACE inhibitors, plain"
imidapril,"ACE inhibitors, plain"
captopril and diuretics,ACE inhibitors and diuretics
enalapril and diuretics,ACE inhibitors and diuretics
lisinopril and diuretics,ACE inhibitors and diuretics
perindopril and diuretics,ACE inhibitors and diuretics
ramipril and diuretics,ACE inhibitors and diuretics
quinapril and diuretics,ACE inhibitors and diuretics
benazepril and diuretics,ACE inhibitors and diuretics
cilazapril and diuretics,ACE inhibitors and diuretics
fosinopril and diuretics,ACE inhibitors and diuretics
delapril and diuretics,ACE inhibitors and diuretics
moexipril and diuretics,ACE inhibitors and diuretics
zofenopril and diuretics,ACE inhibitors and diuretics
enalapril and lercanidipine,ACE inhibitors and calcium channel blockers
lisinopril and amlodipine,ACE inhibitors and calcium channel blockers
perindopril and amlodipine,ACE inhibitors and calcium channel blockers
ramipril and felodipine,ACE inhibitors and calcium channel blockers
enalapril and nitrendipine,ACE inhibitors and calcium channel blockers
ramipril and amlodipine,ACE inhibitors and calcium channel blockers
trandolapril and verapamil,ACE inhibitors and calcium channel blockers
delapril and manidipine,ACE inhibitors and calcium channel blockers
"perindopril, amlodipine and indapamide","ACE inhibitors, other combinations"
perindopril and bisoprolol,"ACE inhibitors, other combinations"
"ramipril, amlodipine and hydrochlorothiazide","ACE inhibitors, other combinations"
"perindopril, bisoprolol and amlodipine","ACE inhibitors, other combinations"
ramipril and bisoprolol,"ACE inhibitors, other combinations"
losartan,"Angiotensin II receptor blockers (ARBs), plain"
eprosartan,"Angiotensin II receptor blockers (ARBs), plain"
valsartan,"Angiotensin II receptor blockers (ARBs), plain"
irbesartan,"Angiotensin II receptor blockers (ARBs), plain"
tasosartan,"Angiotensin II receptor blockers (ARBs), plain"
candesartan,"Angiotensin II receptor blockers (ARBs), plain"
telmisartan,"Angiotensin II receptor blockers (ARBs), plain"
olmesartan medoxomil,"Angiotensin II receptor blockers (ARBs), plain"
azilsartan medoxomil,"Angiotensin II receptor blockers (ARBs), plain"
fimasartan,"Angiotensin II receptor blockers (ARBs), plain"
losartan and diuretics,Angiotensin II receptor blockers (ARBs) and diuretics
eprosartan and diuretics,Angiotensin II receptor blockers (ARBs) and diuretics
valsartan and diuretics,Angiotensin II receptor blockers (ARBs) and diuretics
irbesartan and diuretics,Angiotensin II receptor blockers (ARBs) and diuretics
candesartan and diuretics,Angiotensin II receptor blockers (ARBs) and diuretics
telmisartan and diuretics,Angiotensin II receptor blockers (ARBs) and diuretics
olmesartan medoxomil and diuretics,Angiotensin II receptor blockers (ARBs) and diuretics
azilsartan medoxomil and diuretics,Angiotensin II receptor blockers (ARBs) and diuretics
fimasartan and diuretics,Angiotensin II receptor blockers (ARBs) and diuretics
valsartan and amlodipine,Angiotensin II receptor blockers (ARBs) and calcium channel blockers
olmesartan medoxomil and amlodipine,Angiotensin II receptor blockers (ARBs) and calcium channel blockers
telmisartan and amlodipine,Angiotensin II receptor blockers (ARBs) and calcium channel blockers
irbesartan and amlodipine,Angiotensin II receptor blockers (ARBs) and calcium channel blockers
losartan and amlodipine,Angiotensin II receptor blockers (ARBs) and calcium channel blockers
candesartan and amlodipine,Angiotensin II receptor blockers (ARBs) and calcium channel blockers
valsartan and lercanidipine,Angiotensin II receptor blockers (ARBs) and calcium channel blockers
fimasartan and amlodipine,Angiotensin II receptor blockers (ARBs) and calcium channel blockers
"valsartan, amlodipine and hydrochlorothiazide","Angiotensin II receptor blockers (ARBs), other combinations"
valsartan and aliskiren,"Angiotensin II receptor blockers (ARBs), other combinations"
"olmesartan medoxomil, amlodipine and hydrochlorothiazide","Angiotensin II receptor blockers (ARBs), other combinations"
valsartan and sacubitril,"Angiotensin II receptor blockers (ARBs), other combinations"
valsartan and nebivolol,"Angiotensin II receptor blockers (ARBs), other combinations"
"candesartan, amlodipine and hydrochlorothiazide","Angiotensin II receptor blockers (ARBs), other combinations"
"irbesartan, amlodipine and hydrochlorothiazide","Angiotensin II receptor blockers (ARBs), other combinations"
remikiren,Renin-inhibitors
aliskiren,Renin-inhibitors
aliskiren and hydrochlorothiazide,Renin-inhibitors
aliskiren and amlodipine,Renin-inhibitors
"aliskiren, amlodipine and hydrochlorothiazide",Renin-inhibitors
simvastatin,HMG CoA reductase inhibitors
lovastatin,HMG CoA reductase inhibitors
pravastatin,HMG CoA reductase inhibitors
fluvastatin,HMG CoA reductase inhibitors
atorvastatin,HMG CoA reductase inhibitors
cerivastatin,HMG CoA reductase inhibitors
rosuvastatin,HMG CoA reductase inhibitors
pitavastatin,HMG CoA reductase inhibitors
clofibrate,Fibrates
bezafibrate,Fibrates
aluminium clofibrate,Fibrates
gemfibrozil,Fibrates
fenofibrate,Fibrates
simfibrate,Fibrates
ronifibrate,Fibrates
ciprofibrate,Fibrates
etofibrate,Fibrates
clofibride,Fibrates
choline fenofibrate,Fibrates
colestyramine,Bile acid sequestrants
colestipol,Bile acid sequestrants
colextran,Bile acid sequestrants
colesevelam,Bile acid sequestrants
niceritrol,Nicotinic acid and derivatives
nicofuranose,Nicotinic acid and derivatives
aluminium nicotinate,Nicotinic acid and derivatives
acipimox,Nicotinic acid and derivatives
"nicotinic acid, combinations",Nicotinic acid and derivatives
dextrothyroxine,Other lipid modifying agents
probucol,Other lipid modifying agents
tiadenol,Other lipid modifying agents
meglutol,Other lipid modifying agents
omega-3-triglycerides incl. other esters and acids,Other lipid modifying agents
magnesium pyridoxal 5-phosphate glutamate,Other lipid modifying agents
policosanol,Other lipid modifying agents
ezetimibe,Other lipid modifying agents
alipogene tiparvovec,Other lipid modifying agents
mipomersen,Other lipid modifying agents
lomitapide,Other lipid modifying agents
evolocumab,Other lipid modifying agents
alirocumab,Other lipid modifying agents
bempedoic acid,Other lipid modifying agents
inclisiran,Other lipid modifying agents
lovastatin and nicotinic acid,Combinations of various lipid modifying agents
simvastatin and ezetimibe,Combinations of various lipid modifying agents
pravastatin and fenofibrate,Combinations of various lipid modifying agents
simvastatin and fenofibrate,Combinations of various lipid modifying agents
atorvastatin and ezetimibe,Combinations of various lipid modifying agents
rosuvastatin and ezetimibe,Combinations of various lipid modifying agents
rosuvastatin and omega-3 fatty acids,Combinations of various lipid modifying agents
atorvastatin and omega-3 fatty acids,Combinations of various lipid modifying agents
rosuvastatin and fenofibrate,Combinations of various lipid modifying agents
bempedoic acid and ezetimibe,Combinations of various lipid modifying agents
simvastatin and acetylsalicylic acid,Lipid modifying agents in combination with other drugs
pravastatin and acetylsalicylic acid,Lipid modifying agents in combination with other drugs
atorvastatin and amlodipine,Lipid modifying agents in combination with other drugs
"simvastatin, acetylsalicylic acid and ramipril",Lipid modifying agents in combination with other drugs
rosuvastatin and acetylsalicylic acid,Lipid modifying agents in combination with other drugs
"atorvastatin, acetylsalicylic acid and ramipril",Lipid modifying agents in combination with other drugs
"rosuvastatin, amlodipine and lisinopril",Lipid modifying agents in combination with other drugs
atorvastatin and acetylsalicylic acid,Lipid modifying agents in combination with other drugs
rosuvastatin and amlodipine,Lipid modifying agents in combination with other drugs
rosuvastatin and valsartan,Lipid modifying agents in combination with other drugs
"atorvastatin, amlodipine and perindopril",Lipid modifying agents in combination with other drugs
"atorvastatin, acetylsalicylic acid and perindopril",Lipid modifying agents in combination with other drugs
"rosuvastatin, perindopril and indapamide",Lipid modifying agents in combination with other drugs
"rosuvastatin, amlodipine and perindopril",Lipid modifying agents in combination with other drugs
atorvastatin and perindopril,Lipid modifying agents in combination with other drugs
rosuvastatin and fimasartan,Lipid modifying agents in combination with other drugs
rosuvastatin and ramipril,Lipid modifying agents in combination with other drugs
"atorvastatin, amlodipine and ramipril",Lipid modifying agents in combination with other drugs
hachimycin,Antibiotics
pecilocin,Antibiotics
pyrrolnitrin,Antibiotics
griseofulvin,Antibiotics
econazole,Imidazole and triazole derivatives
chlormidazole,Imidazole and triazole derivatives
isoconazole,Imidazole and triazole derivatives
tiabendazole,Imidazole and triazole derivatives
tioconazole,Imidazole and triazole derivatives
ketoconazole,Imidazole and triazole derivatives
sulconazole,Imidazole and triazole derivatives
bifonazole,Imidazole and triazole derivatives
oxiconazole,Imidazole and triazole derivatives
fenticonazole,Imidazole and triazole derivatives
omoconazole,Imidazole and triazole derivatives
sertaconazole,Imidazole and triazole derivatives
fluconazole,Imidazole and triazole derivatives
flutrimazole,Imidazole and triazole derivatives
eberconazole,Imidazole and triazole derivatives
luliconazole,Imidazole and triazole derivatives
efinaconazole,Imidazole and triazole derivatives
imidazoles/triazoles in combination with corticosteroids,Imidazole and triazole derivatives
"miconazole, combinations",Imidazole and triazole derivatives
"bifonazole, combinations",Imidazole and triazole derivatives
bromochlorosalicylanilide,Other antifungals for topical use
methylrosaniline,Other antifungals for topical use
tribromometacresol,Other antifungals for topical use
undecylenic acid,Other antifungals for topical use
2-(4-chlorphenoxy)-ethanol,Other antifungals for topical use
chlorphenesin,Other antifungals for topical use
ticlatone,Other antifungals for topical use
sulbentine,Other antifungals for topical use
ethyl hydroxybenzoate,Other antifungals for topical use
haloprogin,Other antifungals for topical use
salicylic acid,Other antifungals for topical use
selenium sulfide,Other antifungals for topical use
ciclopirox,Other antifungals for topical use
terbinafine,Other antifungals for topical use
amorolfine,Other antifungals for topical use
dimazole,Other antifungals for topical use
tolnaftate,Other antifungals for topical use
tolciclate,Other antifungals for topical use
flucytosine,Other antifungals for topical use
naftifine,Other antifungals for topical use
butenafine,Other antifungals for topical use
tavaborole,Other antifungals for topical use
"undecylenic acid, combinations",Other antifungals for topical use
fosravuconazole,Antifungals for systemic use
"carbamide, combinations",Carbamide products
aminobenzoic acid,Protectives against UV-radiation for topical use
octinoxate,Protectives against UV-radiation for topical use
afamelanotide,Protectives against UV-radiation for systemic use
cadexomer iodine,Other cicatrizants
dextranomer,Other cicatrizants
hyaluronic acid,Other cicatrizants
crilanomer,Other cicatrizants
enoxolone,Other cicatrizants
sodium chlorite,Other cicatrizants
trolamine,Other cicatrizants
betulae cortex,Other cicatrizants
centella asiatica herba,Other cicatrizants
collagenase,Proteolytic enzymes
bromelains,Proteolytic enzymes
"collagenase, combinations",Proteolytic enzymes
thonzylamine,Antihistamines for topical use
mepyramine,Antihistamines for topical use
thenalidine,Antihistamines for topical use
tripelennamine,Antihistamines for topical use
chloropyramine,Antihistamines for topical use
promethazine,Antihistamines for topical use
tolpropamine,Antihistamines for topical use
dimetindene,Antihistamines for topical use
clemastine,Antihistamines for topical use
bamipine,Antihistamines for topical use
pheniramine,Antihistamines for topical use
isothipendyl,Antihistamines for topical use
diphenhydramine,Antihistamines for topical use
diphenhydramine methylbromide,Antihistamines for topical use
chlorphenoxamine,Antihistamines for topical use
oxybuprocaine,Anesthetics for topical use
quinisocaine,Anesthetics for topical use
doxepin,Other antipruritics
dithranol,Antracen derivatives
"dithranol, combinations",Antracen derivatives
trioxysalen,Psoralens for topical use
methoxsalen,Psoralens for topical use
fumaric acid,Other antipsoriatics for topical use
calcipotriol,Other antipsoriatics for topical use
tacalcitol,Other antipsoriatics for topical use
tazarotene,Other antipsoriatics for topical use
"calcipotriol, combinations",Other antipsoriatics for topical use
tazarotene and ulobetasol,Other antipsoriatics for topical use
bergapten,Psoralens for systemic use
etretinate,Retinoids for treatment of psoriasis
acitretin,Retinoids for treatment of psoriasis
"fumaric acid derivatives, combinations",Other antipsoriatics for systemic use
demeclocycline,Tetracycline and derivatives
oxytetracycline,Tetracycline and derivatives
fusidic acid,Other antibiotics for topical use
chloramphenicol,Other antibiotics for topical use
bacitracin,Other antibiotics for topical use
gentamicin,Other antibiotics for topical use
tyrothricin,Other antibiotics for topical use
mupirocin,Other antibiotics for topical use
virginiamycin,Other antibiotics for topical use
amikacin,Other antibiotics for topical use
retapamulin,Other antibiotics for topical use
ozenoxacin,Other antibiotics for topical use
silver sulfadiazine,Sulfonamides
sulfathiazole,Sulfonamides
mafenide,Sulfonamides
sulfanilamide,Sulfonamides
sulfamerazine,Sulfonamides
"silver sulfadiazine, combinations",Sulfonamides
idoxuridine,Antivirals
tromantadine,Antivirals
aciclovir,Antivirals
podophyllotoxin,Antivirals
inosine,Antivirals
penciclovir,Antivirals
lysozyme,Antivirals
ibacitabine,Antivirals
edoxudine,Antivirals
imiquimod,Antivirals
docosanol,Antivirals
sinecatechins,Antivirals
"aciclovir, combinations",Antivirals
ingenol mebutate,Other chemotherapeutics
tirbanibulin,Other chemotherapeutics
methylprednisolone,"Corticosteroids, weak (group I)"
clobetasone,"Corticosteroids, moderately potent (group II)"
hydrocortisone butyrate,"Corticosteroids, moderately potent (group II)"
flumetasone,"Corticosteroids, moderately potent (group II)"
fluocortin,"Corticosteroids, moderately potent (group II)"
fluperolone,"Corticosteroids, moderately potent (group II)"
fluprednidene,"Corticosteroids, moderately potent (group II)"
desonide,"Corticosteroids, moderately potent (group II)"
alclometasone,"Corticosteroids, moderately potent (group II)"
hydrocortisone buteprate,"Corticosteroids, moderately potent (group II)"
clocortolone,"Corticosteroids, moderately potent (group II)"
combinations of corticosteroids,"Corticosteroids, moderately potent (group II)"
fluclorolone,"Corticosteroids, potent (group III)"
desoximetasone,"Corticosteroids, potent (group III)"
diflucortolone,"Corticosteroids, potent (group III)"
fludroxycortide,"Corticosteroids, potent (group III)"
diflorasone,"Corticosteroids, potent (group III)"
amcinonide,"Corticosteroids, potent (group III)"
halometasone,"Corticosteroids, potent (group III)"
mometasone,"Corticosteroids, potent (group III)"
methylprednisolone aceponate,"Corticosteroids, potent (group III)"
hydrocortisone aceponate,"Corticosteroids, potent (group III)"
fluticasone,"Corticosteroids, potent (group III)"
prednicarbate,"Corticosteroids, potent (group III)"
difluprednate,"Corticosteroids, potent (group III)"
ulobetasol,"Corticosteroids, potent (group III)"
clobetasol,"Corticosteroids, very potent (group IV)"
halcinonide,"Corticosteroids, very potent (group IV)"
prednisolone and antiseptics,"Corticosteroids, weak, combinations with antiseptics"
hydrocortisone and antiseptics,"Corticosteroids, weak, combinations with antiseptics"
flumetasone and antiseptics,"Corticosteroids, moderately potent, combinations with antiseptics"
desonide and antiseptics,"Corticosteroids, moderately potent, combinations with antiseptics"
triamcinolone and antiseptics,"Corticosteroids, moderately potent, combinations with antiseptics"
hydrocortisone butyrate and antiseptics,"Corticosteroids, moderately potent, combinations with antiseptics"
betamethasone and antiseptics,"Corticosteroids, potent, combinations with antiseptics"
fluocinolone acetonide and antiseptics,"Corticosteroids, potent, combinations with antiseptics"
fluocortolone and antiseptics,"Corticosteroids, potent, combinations with antiseptics"
diflucortolone and antiseptics,"Corticosteroids, potent, combinations with antiseptics"
hydrocortisone and antibiotics,"Corticosteroids, weak, combinations with antibiotics"
methylprednisolone and antibiotics,"Corticosteroids, weak, combinations with antibiotics"
prednisolone and antibiotics,"Corticosteroids, weak, combinations with antibiotics"
triamcinolone and antibiotics,"Corticosteroids, moderately potent, combinations with antibiotics"
fluprednidene and antibiotics,"Corticosteroids, moderately potent, combinations with antibiotics"
fluorometholone and antibiotics,"Corticosteroids, moderately potent, combinations with antibiotics"
dexamethasone and antibiotics,"Corticosteroids, moderately potent, combinations with antibiotics"
flumetasone and antibiotics,"Corticosteroids, moderately potent, combinations with antibiotics"
betamethasone and antibiotics,"Corticosteroids, potent, combinations with antibiotics"
fluocinolone acetonide and antibiotics,"Corticosteroids, potent, combinations with antibiotics"
fludroxycortide and antibiotics,"Corticosteroids, potent, combinations with antibiotics"
beclometasone and antibiotics,"Corticosteroids, potent, combinations with antibiotics"
fluocinonide and antibiotics,"Corticosteroids, potent, combinations with antibiotics"
fluocortolone and antibiotics,"Corticosteroids, potent, combinations with antibiotics"
clobetasol and antibiotics,"Corticosteroids, very potent, combinations with antibiotics"
aminoacridine,Acridine derivatives
euflavine,Acridine derivatives
dibrompropamidine,Biguanides and amidines
propamidine,Biguanides and amidines
hexamidine,Biguanides and amidines
polihexanide,Biguanides and amidines
"chlorhexidine, combinations",Biguanides and amidines
hexachlorophene,Phenol and derivatives
policresulen,Phenol and derivatives
triclosan,Phenol and derivatives
chloroxylenol,Phenol and derivatives
biphenylol,Phenol and derivatives
iodine/octylphenoxypolyglycolether,Iodine products
povidone-iodine,Iodine products
iodine,Iodine products
diiodohydroxypropane,Iodine products
dequalinium,Quinoline derivatives
chlorquinaldol,Quinoline derivatives
clioquinol,Quinoline derivatives
benzalkonium,Quaternary ammonium compounds
cetrimonium,Quaternary ammonium compounds
cetrimide,Quaternary ammonium compounds
didecyldimethylammonium chloride,Quaternary ammonium compounds
benzethonium chloride,Quaternary ammonium compounds
decamethoxine,Quaternary ammonium compounds
"octenidine, combinations",Quaternary ammonium compounds
"benzethonium chloride, combinations",Quaternary ammonium compounds
"dodeclonium bromide, combinations",Quaternary ammonium compounds
mercuric amidochloride,Mercurial products
phenylmercuric borate,Mercurial products
mercuric chloride,Mercurial products
merbromin,Mercurial products
"mercury, metallic",Mercurial products
thiomersal,Mercurial products
mercuric iodide,Mercurial products
silver nitrate,Silver compounds
silver,Silver compounds
eosin,Other antiseptics and disinfectants
propanol,Other antiseptics and disinfectants
tosylchloramide sodium,Other antiseptics and disinfectants
isopropanol,Other antiseptics and disinfectants
potassium permanganate,Other antiseptics and disinfectants
sodium hypochlorite,Other antiseptics and disinfectants
ethanol,Other antiseptics and disinfectants
"propanol, combinations",Other antiseptics and disinfectants
framycetin,Medicated dressings with antiinfectives
phenylmercuric nitrate,Medicated dressings with antiinfectives
benzododecinium,Medicated dressings with antiinfectives
aluminium chlorohydrate,Medicated dressings with antiinfectives
iodoform,Medicated dressings with antiinfectives
zinc bandage without supplements,Zinc bandages
zinc bandage with supplements,Zinc bandages
bithionol,Preparations containing sulfur
sulfur,Preparations containing sulfur
tioxolone,Preparations containing sulfur
mesulfen,Preparations containing sulfur
tretinoin,Retinoids for topical use in acne
retinol,Retinoids for topical use in acne
adapalene,Retinoids for topical use in acne
isotretinoin,Retinoids for topical use in acne
motretinide,Retinoids for topical use in acne
trifarotene,Retinoids for topical use in acne
"tretinoin, combinations",Retinoids for topical use in acne
"adapalene, combinations",Retinoids for topical use in acne
"isotretinoin, combinations",Retinoids for topical use in acne
benzoyl peroxide,Peroxides
"benzoyl peroxide, combinations",Peroxides
clindamycin,Antiinfectives for treatment of acne
erythromycin,Antiinfectives for treatment of acne
meclocycline,Antiinfectives for treatment of acne
nadifloxacin,Antiinfectives for treatment of acne
sulfacetamide,Antiinfectives for treatment of acne
"clindamycin, combinations",Antiinfectives for treatment of acne
"erythromycin, combinations",Antiinfectives for treatment of acne
aluminium chloride,Other anti-acne preparations for topical use
resorcinol,Other anti-acne preparations for topical use
azelaic acid,Other anti-acne preparations for topical use
aluminium oxide,Other anti-acne preparations for topical use
dapsone,Other anti-acne preparations for topical use
ichtasol,Other anti-acne preparations for systemic use
glycopyrronium,Antihidrotics
cadmium compounds,Medicated shampoos
selenium compounds,Medicated shampoos
sulfur compounds,Medicated shampoos
xenysalate,Medicated shampoos
others,Medicated shampoos
tacrolimus,"Agents for dermatitis, excluding corticosteroids"
pimecrolimus,"Agents for dermatitis, excluding corticosteroids"
alitretinoin,"Agents for dermatitis, excluding corticosteroids"
dupilumab,"Agents for dermatitis, excluding corticosteroids"
crisaborole,"Agents for dermatitis, excluding corticosteroids"
tralokinumab,"Agents for dermatitis, excluding corticosteroids"
gamolenic acid,Other dermatologicals
lithium succinate,Other dermatologicals
mequinol,Other dermatologicals
tiratricol,Other dermatologicals
oxaceprol,Other dermatologicals
finasteride,Other dermatologicals
hydroquinone,Other dermatologicals
pyrithione zinc,Other dermatologicals
monobenzone,Other dermatologicals
eflornithine,Other dermatologicals
diclofenac,Other dermatologicals
brimonidine,Other dermatologicals
ivermectin,Other dermatologicals
aminobenzoate potassium,Other dermatologicals
deoxycholic acid,Other dermatologicals
caffeine,Other dermatologicals
"gamolenic acid, combinations",Other dermatologicals
"collagen, combinations",Other dermatologicals
candicidin,Antibiotics
carfecillin,Antibiotics
pentamycin,Antibiotics
"nystatin, combinations",Antibiotics
diiodohydroxyquinoline,Quinoline derivatives
lactic acid,Organic acids
acetic acid,Organic acids
ascorbic acid,Organic acids
sulfatolamide,Sulfonamides
combinations of sulfonamides,Sulfonamides
ornidazole,Imidazole derivatives
azanidazole,Imidazole derivatives
propenidazole,Imidazole derivatives
butoconazole,Imidazole derivatives
combinations of imidazole derivatives,Imidazole derivatives
"econazole, combinations",Imidazole derivatives
terconazole,Triazole derivatives
clodantoin,Other antiinfectives and antiseptics
nifuratel,Other antiinfectives and antiseptics
furazolidone,Other antiinfectives and antiseptics
protiofate,Other antiinfectives and antiseptics
lactobacillus,Other antiinfectives and antiseptics
copper usnate,Other antiinfectives and antiseptics
dapivirine,Other antiinfectives and antiseptics
methylergometrine,Ergot alkaloids
ergot alkaloids,Ergot alkaloids
ergometrine,Ergot alkaloids
methylergometrine and oxytocin,"Ergot alkaloids and oxytocin incl. analogues, in combination"
dinoprost,Prostaglandins
dinoprostone,Prostaglandins
gemeprost,Prostaglandins
carboprost,Prostaglandins
sulprostone,Prostaglandins
plastic iud,Intrauterine contraceptives
plastic iud with copper,Intrauterine contraceptives
plastic iud with progestogen,Intrauterine contraceptives
vaginal ring with progestogen and estrogen,Intravaginal contraceptives
vaginal ring with progestogen,Intravaginal contraceptives
ritodrine,"Sympathomimetics, labour repressants"
fenoterol,"Sympathomimetics, labour repressants"
bromocriptine,Prolactine inhibitors
lisuride,Prolactine inhibitors
cabergoline,Prolactine inhibitors
quinagolide,Prolactine inhibitors
metergoline,Prolactine inhibitors
terguride,Prolactine inhibitors
naproxen,Antiinflammatory products for vaginal administration
flunoxaprofen,Antiinflammatory products for vaginal administration
atosiban,Other gynecologicals
flibanserin,Other gynecologicals
agni casti fructus,Other gynecologicals
cimicifugae rhizoma,Other gynecologicals
bremelanotide,Other gynecologicals
etynodiol and ethinylestradiol,"Progestogens and estrogens, fixed combinations"
quingestanol and ethinylestradiol,"Progestogens and estrogens, fixed combinations"
lynestrenol and ethinylestradiol,"Progestogens and estrogens, fixed combinations"
megestrol and ethinylestradiol,"Progestogens and estrogens, fixed combinations"
norethisterone and ethinylestradiol,"Progestogens and estrogens, fixed combinations"
norgestrel and ethinylestradiol,"Progestogens and estrogens, fixed combinations"
levonorgestrel and ethinylestradiol,"Progestogens and estrogens, fixed combinations"
medroxyprogesterone and ethinylestradiol,"Progestogens and estrogens, fixed combinations"
desogestrel and ethinylestradiol,"Progestogens and estrogens, fixed combinations"
gestodene and ethinylestradiol,"Progestogens and estrogens, fixed combinations"
norgestimate and ethinylestradiol,"Progestogens and estrogens, fixed combinations"
drospirenone and ethinylestradiol,"Progestogens and estrogens, fixed combinations"
norelgestromin and ethinylestradiol,"Progestogens and estrogens, fixed combinations"
nomegestrol and estradiol,"Progestogens and estrogens, fixed combinations"
chlormadinone and ethinylestradiol,"Progestogens and estrogens, fixed combinations"
dienogest and ethinylestradiol,"Progestogens and estrogens, fixed combinations"
medroxyprogesterone and estradiol,"Progestogens and estrogens, fixed combinations"
drospirenone and estetrol,"Progestogens and estrogens, fixed combinations"
dienogest and estradiol,"Progestogens and estrogens, sequential preparations"
norethisterone,Progestogens
lynestrenol,Progestogens
levonorgestrel,Progestogens
quingestanol,Progestogens
megestrol,Progestogens
medroxyprogesterone,Progestogens
norgestrienone,Progestogens
etonogestrel,Progestogens
desogestrel,Progestogens
drospirenone,Progestogens
ulipristal,Emergency contraceptives
fluoxymesterone,3-oxoandrosten (4) derivatives
methyltestosterone,3-oxoandrosten (4) derivatives
testosterone,3-oxoandrosten (4) derivatives
mesterolone,5-androstanon (3) derivatives
ethinylestradiol,"Natural and semisynthetic estrogens, plain"
estradiol,"Natural and semisynthetic estrogens, plain"
estriol,"Natural and semisynthetic estrogens, plain"
chlorotrianisene,"Natural and semisynthetic estrogens, plain"
estrone,"Natural and semisynthetic estrogens, plain"
promestriene,"Natural and semisynthetic estrogens, plain"
"estradiol, combinations","Natural and semisynthetic estrogens, plain"
conjugated estrogens,"Natural and semisynthetic estrogens, plain"
dienestrol,"Synthetic estrogens, plain"
diethylstilbestrol,"Synthetic estrogens, plain"
methallenestril,"Synthetic estrogens, plain"
moxestrol,"Synthetic estrogens, plain"
conjugated estrogens and bazedoxifene,"Estrogens, combinations with other drugs"
tibolone,Other estrogens
gestonorone,Pregnen (4) derivatives
hydroxyprogesterone,Pregnen (4) derivatives
progesterone,Pregnen (4) derivatives
dydrogesterone,Pregnadien derivatives
medrogestone,Pregnadien derivatives
nomegestrol,Pregnadien derivatives
demegestone,Pregnadien derivatives
chlormadinone,Pregnadien derivatives
promegestone,Pregnadien derivatives
dienogest,Pregnadien derivatives
allylestrenol,Estren derivatives
ethisterone,Estren derivatives
etynodiol,Estren derivatives
methylestrenolone,Estren derivatives
methyltestosterone and estrogen,Androgens and estrogens
testosterone and estrogen,Androgens and estrogens
prasterone and estrogen,Androgens and estrogens
norethisterone and estrogen,"Progestogens and estrogens, fixed combinations"
hydroxyprogesterone and estrogen,"Progestogens and estrogens, fixed combinations"
ethisterone and estrogen,"Progestogens and estrogens, fixed combinations"
progesterone and estrogen,"Progestogens and estrogens, fixed combinations"
methylnortestosterone and estrogen,"Progestogens and estrogens, fixed combinations"
etynodiol and estrogen,"Progestogens and estrogens, fixed combinations"
lynestrenol and estrogen,"Progestogens and estrogens, fixed combinations"
megestrol and estrogen,"Progestogens and estrogens, fixed combinations"
noretynodrel and estrogen,"Progestogens and estrogens, fixed combinations"
norgestrel and estrogen,"Progestogens and estrogens, fixed combinations"
levonorgestrel and estrogen,"Progestogens and estrogens, fixed combinations"
medroxyprogesterone and estrogen,"Progestogens and estrogens, fixed combinations"
norgestimate and estrogen,"Progestogens and estrogens, fixed combinations"
dydrogesterone and estrogen,"Progestogens and estrogens, fixed combinations"
dienogest and estrogen,"Progestogens and estrogens, fixed combinations"
trimegestone and estrogen,"Progestogens and estrogens, fixed combinations"
drospirenone and estrogen,"Progestogens and estrogens, fixed combinations"
chlormadinone and estrogen,"Progestogens and estrogens, sequential preparations"
medrogestone and estrogen,"Progestogens and estrogens, sequential preparations"
desogestrel and estrogen,"Progestogens and estrogens, sequential preparations"
nomegestrol and estrogen,"Progestogens and estrogens, sequential preparations"
chorionic gonadotrophin,Gonadotropins
human menopausal gonadotrophin,Gonadotropins
serum gonadotrophin,Gonadotropins
urofollitropin,Gonadotropins
follitropin alfa,Gonadotropins
follitropin beta,Gonadotropins
lutropin alfa,Gonadotropins
choriogonadotropin alfa,Gonadotropins
corifollitropin alfa,Gonadotropins
follitropin delta,Gonadotropins
cyclofenil,"Ovulation stimulants, synthetic"
clomifene,"Ovulation stimulants, synthetic"
epimestrol,"Ovulation stimulants, synthetic"
cyproterone,"Antiandrogens, plain"
cyproterone and estrogen,Antiandrogens and estrogens
danazol,Antigonadotropins and similar agents
gestrinone,Antigonadotropins and similar agents
mifepristone,Progesterone receptor modulators
"mifepristone, combinations",Progesterone receptor modulators
raloxifene,Selective estrogen receptor modulators
bazedoxifene,Selective estrogen receptor modulators
lasofoxifene,Selective estrogen receptor modulators
ormeloxifene,Selective estrogen receptor modulators
ospemifene,Selective estrogen receptor modulators
emepronium,Drugs for urinary frequency and incontinence
flavoxate,Drugs for urinary frequency and incontinence
meladrazine,Drugs for urinary frequency and incontinence
oxybutynin,Drugs for urinary frequency and incontinence
terodiline,Drugs for urinary frequency and incontinence
propiverine,Drugs for urinary frequency and incontinence
tolterodine,Drugs for urinary frequency and incontinence
solifenacin,Drugs for urinary frequency and incontinence
trospium,Drugs for urinary frequency and incontinence
darifenacin,Drugs for urinary frequency and incontinence
fesoterodine,Drugs for urinary frequency and incontinence
mirabegron,Drugs for urinary frequency and incontinence
desfesoterodine,Drugs for urinary frequency and incontinence
sildenafil,Drugs used in erectile dysfunction
yohimbine,Drugs used in erectile dysfunction
apomorphine,Drugs used in erectile dysfunction
tadalafil,Drugs used in erectile dysfunction
vardenafil,Drugs used in erectile dysfunction
avanafil,Drugs used in erectile dysfunction
udenafil,Drugs used in erectile dysfunction
"papaverine, combinations",Drugs used in erectile dysfunction
acetohydroxamic acid,Other urologicals
phenazopyridine,Other urologicals
succinimide,Other urologicals
phenyl salicylate,Other urologicals
dimethyl sulfoxide,Other urologicals
dapoxetine,Other urologicals
tiopronin,Other urologicals
alfuzosin,Alpha-adrenoreceptor antagonists
tamsulosin,Alpha-adrenoreceptor antagonists
terazosin,Alpha-adrenoreceptor antagonists
silodosin,Alpha-adrenoreceptor antagonists
alfuzosin and finasteride,Alpha-adrenoreceptor antagonists
tamsulosin and dutasteride,Alpha-adrenoreceptor antagonists
tamsulosin and solifenacin,Alpha-adrenoreceptor antagonists
tamsulosin and tadalafil,Alpha-adrenoreceptor antagonists
dutasteride,Testosterone-5-alpha reductase inhibitors
prunus africanae cortex,Other drugs used in benign prostatic hypertrophy
sabalis serrulatae fructus,Other drugs used in benign prostatic hypertrophy
fexapotide,Other drugs used in benign prostatic hypertrophy
corticotropin,ACTH
tetracosactide,ACTH
thyrotropin alfa,Thyrotropin
somatropin,Somatropin and somatropin agonists
somatrem,Somatropin and somatropin agonists
mecasermin,Somatropin and somatropin agonists
sermorelin,Somatropin and somatropin agonists
mecasermin rinfabate,Somatropin and somatropin agonists
tesamorelin,Somatropin and somatropin agonists
somapacitan,Somatropin and somatropin agonists
pegvisomant,Other anterior pituitary lobe hormones and analogues
vasopressin (argipressin),Vasopressin and analogues
desmopressin,Vasopressin and analogues
lypressin,Vasopressin and analogues
terlipressin,Vasopressin and analogues
ornipressin,Vasopressin and analogues
demoxytocin,Oxytocin and analogues
oxytocin,Oxytocin and analogues
carbetocin,Oxytocin and analogues
gonadorelin,Gonadotropin-releasing hormones
nafarelin,Gonadotropin-releasing hormones
somatostatin,Somatostatin and analogues
octreotide,Somatostatin and analogues
lanreotide,Somatostatin and analogues
vapreotide,Somatostatin and analogues
pasireotide,Somatostatin and analogues
ganirelix,Anti-gonadotropin-releasing hormones
cetrorelix,Anti-gonadotropin-releasing hormones
elagolix,Anti-gonadotropin-releasing hormones
"relugolix, estradiol and norethisterone",Anti-gonadotropin-releasing hormones
aldosterone,Mineralocorticoids
fludrocortisone,Mineralocorticoids
desoxycortone,Mineralocorticoids
paramethasone,Glucocorticoids
cortisone,Glucocorticoids
prednylidene,Glucocorticoids
rimexolone,Glucocorticoids
deflazacort,Glucocorticoids
cloprednol,Glucocorticoids
meprednisone,Glucocorticoids
cortivazol,Glucocorticoids
"methylprednisolone, combinations","Corticosteroids for systemic use, combinations"
trilostane,Anticorticosteroids
osilodrostat,Anticorticosteroids
levothyroxine sodium,Thyroid hormones
liothyronine sodium,Thyroid hormones
combinations of levothyroxine and liothyronine,Thyroid hormones
thyroid gland preparations,Thyroid hormones
methylthiouracil,Thiouracils
propylthiouracil,Thiouracils
benzylthiouracil,Thiouracils
carbimazole,Sulfur-containing imidazole derivatives
thiamazole,Sulfur-containing imidazole derivatives
"thiamazole, combinations",Sulfur-containing imidazole derivatives
potassium perchlorate,Perchlorates
diiodotyrosine,Other antithyroid preparations
dibromotyrosine,Other antithyroid preparations
glucagon,Glycogenolytic hormones
parathyroid gland extract,Parathyroid hormones and analogues
teriparatide,Parathyroid hormones and analogues
parathyroid hormone,Parathyroid hormones and analogues
abaloparatide,Parathyroid hormones and analogues
calcitonin (salmon synthetic),Calcitonin preparations
calcitonin (pork natural),Calcitonin preparations
calcitonin (human synthetic),Calcitonin preparations
elcatonin,Calcitonin preparations
cinacalcet,Other anti-parathyroid agents
paricalcitol,Other anti-parathyroid agents
doxercalciferol,Other anti-parathyroid agents
etelcalcetide,Other anti-parathyroid agents
lymecycline,Tetracyclines
metacycline,Tetracyclines
rolitetracycline,Tetracyclines
penimepicycline,Tetracyclines
clomocycline,Tetracyclines
tigecycline,Tetracyclines
eravacycline,Tetracyclines
sarecycline,Tetracyclines
omadacycline,Tetracyclines
combinations of tetracyclines,Tetracyclines
"oxytetracycline, combinations",Tetracyclines
thiamphenicol,Amphenicols
"thiamphenicol, combinations",Amphenicols
ampicillin,Penicillins with extended spectrum
pivampicillin,Penicillins with extended spectrum
carbenicillin,Penicillins with extended spectrum
amoxicillin,Penicillins with extended spectrum
carindacillin,Penicillins with extended spectrum
bacampicillin,Penicillins with extended spectrum
epicillin,Penicillins with extended spectrum
pivmecillinam,Penicillins with extended spectrum
azlocillin,Penicillins with extended spectrum
mezlocillin,Penicillins with extended spectrum
mecillinam,Penicillins with extended spectrum
piperacillin,Penicillins with extended spectrum
ticarcillin,Penicillins with extended spectrum
metampicillin,Penicillins with extended spectrum
talampicillin,Penicillins with extended spectrum
sulbenicillin,Penicillins with extended spectrum
temocillin,Penicillins with extended spectrum
hetacillin,Penicillins with extended spectrum
aspoxicillin,Penicillins with extended spectrum
"ampicillin, combinations",Penicillins with extended spectrum
benzylpenicillin,Beta-lactamase sensitive penicillins
phenoxymethylpenicillin,Beta-lactamase sensitive penicillins
propicillin,Beta-lactamase sensitive penicillins
azidocillin,Beta-lactamase sensitive penicillins
pheneticillin,Beta-lactamase sensitive penicillins
penamecillin,Beta-lactamase sensitive penicillins
clometocillin,Beta-lactamase sensitive penicillins
benzathine benzylpenicillin,Beta-lactamase sensitive penicillins
procaine benzylpenicillin,Beta-lactamase sensitive penicillins
benzathine phenoxymethylpenicillin,Beta-lactamase sensitive penicillins
dicloxacillin,Beta-lactamase resistant penicillins
cloxacillin,Beta-lactamase resistant penicillins
meticillin,Beta-lactamase resistant penicillins
oxacillin,Beta-lactamase resistant penicillins
flucloxacillin,Beta-lactamase resistant penicillins
nafcillin,Beta-lactamase resistant penicillins
sulbactam,Beta-lactamase inhibitors
tazobactam,Beta-lactamase inhibitors
ampicillin and beta-lactamase inhibitor,"Combinations of penicillins, incl. beta-lactamase inhibitors"
amoxicillin and beta-lactamase inhibitor,"Combinations of penicillins, incl. beta-lactamase inhibitors"
ticarcillin and beta-lactamase inhibitor,"Combinations of penicillins, incl. beta-lactamase inhibitors"
sultamicillin,"Combinations of penicillins, incl. beta-lactamase inhibitors"
piperacillin and beta-lactamase inhibitor,"Combinations of penicillins, incl. beta-lactamase inhibitors"
combinations of penicillins,"Combinations of penicillins, incl. beta-lactamase inhibitors"
cefalexin,First-generation cephalosporins
cefaloridine,First-generation cephalosporins
cefalotin,First-generation cephalosporins
cefazolin,First-generation cephalosporins
cefadroxil,First-generation cephalosporins
cefazedone,First-generation cephalosporins
cefatrizine,First-generation cephalosporins
cefapirin,First-generation cephalosporins
cefradine,First-generation cephalosporins
cefacetrile,First-generation cephalosporins
cefroxadine,First-generation cephalosporins
ceftezole,First-generation cephalosporins
cefoxitin,Second-generation cephalosporins
cefuroxime,Second-generation cephalosporins
cefamandole,Second-generation cephalosporins
cefaclor,Second-generation cephalosporins
cefotetan,Second-generation cephalosporins
cefonicid,Second-generation cephalosporins
cefotiam,Second-generation cephalosporins
loracarbef,Second-generation cephalosporins
cefmetazole,Second-generation cephalosporins
cefprozil,Second-generation cephalosporins
ceforanide,Second-generation cephalosporins
cefminox,Second-generation cephalosporins
cefbuperazone,Second-generation cephalosporins
flomoxef,Second-generation cephalosporins
cefotaxime,Third-generation cephalosporins
ceftazidime,Third-generation cephalosporins
cefsulodin,Third-generation cephalosporins
ceftriaxone,Third-generation cephalosporins
cefmenoxime,Third-generation cephalosporins
latamoxef,Third-generation cephalosporins
ceftizoxime,Third-generation cephalosporins
cefixime,Third-generation cephalosporins
cefodizime,Third-generation cephalosporins
cefetamet,Third-generation cephalosporins
cefpiramide,Third-generation cephalosporins
cefoperazone,Third-generation cephalosporins
cefpodoxime,Third-generation cephalosporins
ceftibuten,Third-generation cephalosporins
cefdinir,Third-generation cephalosporins
cefditoren,Third-generation cephalosporins
cefcapene,Third-generation cephalosporins
cefteram,Third-generation cephalosporins
cefotaxime and beta-lactamase inhibitor,Third-generation cephalosporins
ceftazidime and beta-lactamase inhibitor,Third-generation cephalosporins
"ceftriaxone, combinations",Third-generation cephalosporins
cefoperazone and beta-lactamase inhibitor,Third-generation cephalosporins
ceftriaxone and beta-lactamase inhibitor,Third-generation cephalosporins
cefpodoxime and beta-lactamase inhibitor,Third-generation cephalosporins
cefepime,Fourth-generation cephalosporins
cefpirome,Fourth-generation cephalosporins
cefozopran,Fourth-generation cephalosporins
aztreonam,Monobactams
carumonam,Monobactams
meropenem,Carbapenems
ertapenem,Carbapenems
doripenem,Carbapenems
biapenem,Carbapenems
tebipenem pivoxil,Carbapenems
imipenem and cilastatin,Carbapenems
meropenem and vaborbactam,Carbapenems
panipenem and betamipron,Carbapenems
"imipenem, cilastatin and relebactam",Carbapenems
ceftobiprole medocaril,Other cephalosporins and penems
ceftaroline fosamil,Other cephalosporins and penems
faropenem,Other cephalosporins and penems
cefiderocol,Other cephalosporins and penems
ceftolozane and beta-lactamase inhibitor,Other cephalosporins and penems
trimethoprim,Trimethoprim and derivatives
brodimoprim,Trimethoprim and derivatives
iclaprim,Trimethoprim and derivatives
sulfaisodimidine,Short-acting sulfonamides
sulfadimidine,Short-acting sulfonamides
sulfapyridine,Short-acting sulfonamides
sulfafurazole,Short-acting sulfonamides
sulfathiourea,Short-acting sulfonamides
sulfamethoxazole,Intermediate-acting sulfonamides
sulfadiazine,Intermediate-acting sulfonamides
sulfamoxole,Intermediate-acting sulfonamides
sulfadimethoxine,Long-acting sulfonamides
sulfalene,Long-acting sulfonamides
sulfametomidine,Long-acting sulfonamides
sulfametoxydiazine,Long-acting sulfonamides
sulfamethoxypyridazine,Long-acting sulfonamides
sulfaperin,Long-acting sulfonamides
sulfaphenazole,Long-acting sulfonamides
sulfamazone,Long-acting sulfonamides
sulfamethoxazole and trimethoprim,"Combinations of sulfonamides and trimethoprim, incl. derivatives"
sulfadiazine and trimethoprim,"Combinations of sulfonamides and trimethoprim, incl. derivatives"
sulfametrole and trimethoprim,"Combinations of sulfonamides and trimethoprim, incl. derivatives"
sulfamoxole and trimethoprim,"Combinations of sulfonamides and trimethoprim, incl. derivatives"
sulfadimidine and trimethoprim,"Combinations of sulfonamides and trimethoprim, incl. derivatives"
sulfadiazine and tetroxoprim,"Combinations of sulfonamides and trimethoprim, incl. derivatives"
sulfamerazine and trimethoprim,"Combinations of sulfonamides and trimethoprim, incl. derivatives"
spiramycin,Macrolides
midecamycin,Macrolides
oleandomycin,Macrolides
roxithromycin,Macrolides
josamycin,Macrolides
troleandomycin,Macrolides
clarithromycin,Macrolides
azithromycin,Macrolides
miocamycin,Macrolides
rokitamycin,Macrolides
dirithromycin,Macrolides
flurithromycin,Macrolides
telithromycin,Macrolides
solithromycin,Macrolides
lincomycin,Lincosamides
pristinamycin,Streptogramins
quinupristin/dalfopristin,Streptogramins
streptoduocin,Streptomycins
tobramycin,Other aminoglycosides
netilmicin,Other aminoglycosides
sisomicin,Other aminoglycosides
dibekacin,Other aminoglycosides
ribostamycin,Other aminoglycosides
isepamicin,Other aminoglycosides
arbekacin,Other aminoglycosides
bekanamycin,Other aminoglycosides
plazomicin,Other aminoglycosides
ofloxacin,Fluoroquinolones
ciprofloxacin,Fluoroquinolones
pefloxacin,Fluoroquinolones
enoxacin,Fluoroquinolones
temafloxacin,Fluoroquinolones
norfloxacin,Fluoroquinolones
lomefloxacin,Fluoroquinolones
fleroxacin,Fluoroquinolones
sparfloxacin,Fluoroquinolones
rufloxacin,Fluoroquinolones
grepafloxacin,Fluoroquinolones
levofloxacin,Fluoroquinolones
trovafloxacin,Fluoroquinolones
moxifloxacin,Fluoroquinolones
gemifloxacin,Fluoroquinolones
gatifloxacin,Fluoroquinolones
prulifloxacin,Fluoroquinolones
pazufloxacin,Fluoroquinolones
garenoxacin,Fluoroquinolones
sitafloxacin,Fluoroquinolones
tosufloxacin,Fluoroquinolones
delafloxacin,Fluoroquinolones
levonadifloxacin,Fluoroquinolones
lascufloxacin,Fluoroquinolones
rosoxacin,Other quinolones
nalidixic acid,Other quinolones
piromidic acid,Other quinolones
pipemidic acid,Other quinolones
oxolinic acid,Other quinolones
cinoxacin,Other quinolones
flumequine,Other quinolones
nemonoxacin,Other quinolones
"penicillins, combinations with other antibacterials",Combinations of antibacterials
"sulfonamides, combinations with other antibacterials (excl. trimethoprim)",Combinations of antibacterials
cefuroxime and metronidazole,Combinations of antibacterials
spiramycin and metronidazole,Combinations of antibacterials
levofloxacin and ornidazole,Combinations of antibacterials
cefepime and amikacin,Combinations of antibacterials
"azithromycin, fluconazole and secnidazole",Combinations of antibacterials
tetracycline and oleandomycin,Combinations of antibacterials
ofloxacin and ornidazole,Combinations of antibacterials
ciprofloxacin and metronidazole,Combinations of antibacterials
ciprofloxacin and tinidazole,Combinations of antibacterials
ciprofloxacin and ornidazole,Combinations of antibacterials
norfloxacin and tinidazole,Combinations of antibacterials
teicoplanin,Glycopeptide antibacterials
telavancin,Glycopeptide antibacterials
dalbavancin,Glycopeptide antibacterials
oritavancin,Glycopeptide antibacterials
tinidazole,Imidazole derivatives
nitrofurantoin,Nitrofuran derivatives
nifurtoinol,Nitrofuran derivatives
furazidin,Nitrofuran derivatives
"nitrofurantoin, combinations",Nitrofuran derivatives
fosfomycin,Other antibacterials
xibornol,Other antibacterials
clofoctol,Other antibacterials
spectinomycin,Other antibacterials
methenamine,Other antibacterials
nitroxoline,Other antibacterials
linezolid,Other antibacterials
daptomycin,Other antibacterials
tedizolid,Other antibacterials
lefamulin,Other antibacterials
itraconazole,Triazole derivatives
voriconazole,Triazole derivatives
posaconazole,Triazole derivatives
isavuconazole,Triazole derivatives
caspofungin,Other antimycotics for systemic use
micafungin,Other antimycotics for systemic use
anidulafungin,Other antimycotics for systemic use
4-aminosalicylic acid,Aminosalicylic acid and derivatives
sodium aminosalicylate,Aminosalicylic acid and derivatives
calcium aminosalicylate,Aminosalicylic acid and derivatives
cycloserine,Antibiotics
rifampicin,Antibiotics
rifabutin,Antibiotics
rifapentine,Antibiotics
enviomycin,Antibiotics
capreomycin,Antibiotics
isoniazid,Hydrazides
"isoniazid, combinations",Hydrazides
protionamide,Thiocarbamide derivatives
tiocarlide,Thiocarbamide derivatives
ethionamide,Thiocarbamide derivatives
pyrazinamide,Other drugs for treatment of tuberculosis
ethambutol,Other drugs for treatment of tuberculosis
terizidone,Other drugs for treatment of tuberculosis
morinamide,Other drugs for treatment of tuberculosis
bedaquiline,Other drugs for treatment of tuberculosis
delamanid,Other drugs for treatment of tuberculosis
thioacetazone,Other drugs for treatment of tuberculosis
pretomanid,Other drugs for treatment of tuberculosis
streptomycin and isoniazid,Combinations of drugs for treatment of tuberculosis
rifampicin and isoniazid,Combinations of drugs for treatment of tuberculosis
ethambutol and isoniazid,Combinations of drugs for treatment of tuberculosis
thioacetazone and isoniazid,Combinations of drugs for treatment of tuberculosis
"rifampicin, pyrazinamide and isoniazid",Combinations of drugs for treatment of tuberculosis
"rifampicin, pyrazinamide, ethambutol and isoniazid",Combinations of drugs for treatment of tuberculosis
"rifampicin, ethambutol and isoniazid",Combinations of drugs for treatment of tuberculosis
"isoniazid, sulfamethoxazole, trimethoprim and pyridoxine",Combinations of drugs for treatment of tuberculosis
clofazimine,Drugs for treatment of lepra
aldesulfone sodium,Drugs for treatment of lepra
metisazone,Thiosemicarbazones
vidarabine,Nucleosides and nucleotides excl. reverse transcriptase inhibitors
ganciclovir,Nucleosides and nucleotides excl. reverse transcriptase inhibitors
famciclovir,Nucleosides and nucleotides excl. reverse transcriptase inhibitors
valaciclovir,Nucleosides and nucleotides excl. reverse transcriptase inhibitors
cidofovir,Nucleosides and nucleotides excl. reverse transcriptase inhibitors
valganciclovir,Nucleosides and nucleotides excl. reverse transcriptase inhibitors
brivudine,Nucleosides and nucleotides excl. reverse transcriptase inhibitors
rimantadine,Cyclic amines
foscarnet,Phosphonic acid derivatives
fosfonet,Phosphonic acid derivatives
saquinavir,Protease inhibitors
indinavir,Protease inhibitors
ritonavir,Protease inhibitors
nelfinavir,Protease inhibitors
amprenavir,Protease inhibitors
fosamprenavir,Protease inhibitors
atazanavir,Protease inhibitors
tipranavir,Protease inhibitors
darunavir,Protease inhibitors
zidovudine,Nucleoside and nucleotide reverse transcriptase inhibitors
didanosine,Nucleoside and nucleotide reverse transcriptase inhibitors
zalcitabine,Nucleoside and nucleotide reverse transcriptase inhibitors
stavudine,Nucleoside and nucleotide reverse transcriptase inhibitors
lamivudine,Nucleoside and nucleotide reverse transcriptase inhibitors
abacavir,Nucleoside and nucleotide reverse transcriptase inhibitors
tenofovir disoproxil,Nucleoside and nucleotide reverse transcriptase inhibitors
adefovir dipivoxil,Nucleoside and nucleotide reverse transcriptase inhibitors
emtricitabine,Nucleoside and nucleotide reverse transcriptase inhibitors
entecavir,Nucleoside and nucleotide reverse transcriptase inhibitors
telbivudine,Nucleoside and nucleotide reverse transcriptase inhibitors
clevudine,Nucleoside and nucleotide reverse transcriptase inhibitors
tenofovir alafenamide,Nucleoside and nucleotide reverse transcriptase inhibitors
nevirapine,Non-nucleoside reverse transcriptase inhibitors
delavirdine,Non-nucleoside reverse transcriptase inhibitors
efavirenz,Non-nucleoside reverse transcriptase inhibitors
etravirine,Non-nucleoside reverse transcriptase inhibitors
rilpivirine,Non-nucleoside reverse transcriptase inhibitors
doravirine,Non-nucleoside reverse transcriptase inhibitors
zanamivir,Neuraminidase inhibitors
oseltamivir,Neuraminidase inhibitors
peramivir,Neuraminidase inhibitors
laninamivir,Neuraminidase inhibitors
raltegravir,Integrase inhibitors
elvitegravir,Integrase inhibitors
dolutegravir,Integrase inhibitors
cabotegravir,Integrase inhibitors
ribavirin,Antivirals for treatment of HCV infections
telaprevir,Antivirals for treatment of HCV infections
boceprevir,Antivirals for treatment of HCV infections
faldaprevir,Antivirals for treatment of HCV infections
simeprevir,Antivirals for treatment of HCV infections
asunaprevir,Antivirals for treatment of HCV infections
daclatasvir,Antivirals for treatment of HCV infections
sofosbuvir,Antivirals for treatment of HCV infections
dasabuvir,Antivirals for treatment of HCV infections
elbasvir,Antivirals for treatment of HCV infections
grazoprevir,Antivirals for treatment of HCV infections
sofosbuvir and ledipasvir,Antivirals for treatment of HCV infections
"dasabuvir, ombitasvir, paritaprevir and ritonavir",Antivirals for treatment of HCV infections
"ombitasvir, paritaprevir and ritonavir",Antivirals for treatment of HCV infections
elbasvir and grazoprevir,Antivirals for treatment of HCV infections
sofosbuvir and velpatasvir,Antivirals for treatment of HCV infections
"sofosbuvir, velpatasvir and voxilaprevir",Antivirals for treatment of HCV infections
glecaprevir and pibrentasvir,Antivirals for treatment of HCV infections
"daclatasvir, asunaprevir and beclabuvir",Antivirals for treatment of HCV infections
zidovudine and lamivudine,"Antivirals for treatment of HIV infections, combinations"
lamivudine and abacavir,"Antivirals for treatment of HIV infections, combinations"
tenofovir disoproxil and emtricitabine,"Antivirals for treatment of HIV infections, combinations"
"zidovudine, lamivudine and abacavir","Antivirals for treatment of HIV infections, combinations"
"zidovudine, lamivudine and nevirapine","Antivirals for treatment of HIV infections, combinations"
"emtricitabine, tenofovir disoproxil and efavirenz","Antivirals for treatment of HIV infections, combinations"
"stavudine, lamivudine and nevirapine","Antivirals for treatment of HIV infections, combinations"
"emtricitabine, tenofovir disoproxil and rilpivirine","Antivirals for treatment of HIV infections, combinations"
"emtricitabine, tenofovir disoproxil, elvitegravir and cobicistat","Antivirals for treatment of HIV infections, combinations"
lopinavir and ritonavir,"Antivirals for treatment of HIV infections, combinations"
"lamivudine, tenofovir disoproxil and efavirenz","Antivirals for treatment of HIV infections, combinations"
lamivudine and tenofovir disoproxil,"Antivirals for treatment of HIV infections, combinations"
"lamivudine, abacavir and dolutegravir","Antivirals for treatment of HIV infections, combinations"
darunavir and cobicistat,"Antivirals for treatment of HIV infections, combinations"
atazanavir and cobicistat,"Antivirals for treatment of HIV infections, combinations"
lamivudine and raltegravir,"Antivirals for treatment of HIV infections, combinations"
emtricitabine and tenofovir alafenamide,"Antivirals for treatment of HIV infections, combinations"
"emtricitabine, tenofovir alafenamide, elvitegravir and cobicistat","Antivirals for treatment of HIV infections, combinations"
"emtricitabine, tenofovir alafenamide and rilpivirine","Antivirals for treatment of HIV infections, combinations"
"emtricitabine, tenofovir alafenamide and bictegravir","Antivirals for treatment of HIV infections, combinations"
dolutegravir and rilpivirine,"Antivirals for treatment of HIV infections, combinations"
"emtricitabine, tenofovir alafenamide, darunavir and cobicistat","Antivirals for treatment of HIV infections, combinations"
atazanavir and ritonavir,"Antivirals for treatment of HIV infections, combinations"
"lamivudine, tenofovir disoproxil and doravirine","Antivirals for treatment of HIV infections, combinations"
lamivudine and dolutegravir,"Antivirals for treatment of HIV infections, combinations"
darunavir and ritonavir,"Antivirals for treatment of HIV infections, combinations"
"lamivudine, tenofovir disoproxil and dolutegravir","Antivirals for treatment of HIV infections, combinations"
moroxydine,Other antivirals
inosine pranobex,Other antivirals
pleconaril,Other antivirals
enfuvirtide,Other antivirals
maraviroc,Other antivirals
maribavir,Other antivirals
umifenovir,Other antivirals
enisamium iodide,Other antivirals
letermovir,Other antivirals
tilorone,Other antivirals
pentanedioic acid imidazolyl ethanamide,Other antivirals
ibalizumab,Other antivirals
tecovirimat,Other antivirals
baloxavir marboxil,Other antivirals
amenamevir,Other antivirals
favipiravir,Other antivirals
bulevirtide,Other antivirals
fostemsavir,Other antivirals
diphtheria antitoxin,Immune sera
tetanus antitoxin,Immune sera
snake venom antiserum,Immune sera
botulinum antitoxin,Immune sera
gas-gangrene sera,Immune sera
rabies serum,Immune sera
"immunoglobulins, normal human, for extravascular adm.","Immunoglobulins, normal human"
"immunoglobulins, normal human, for intravascular adm.","Immunoglobulins, normal human"
anti-d (rh) immunoglobulin,Specific immunoglobulins
tetanus immunoglobulin,Specific immunoglobulins
varicella/zoster immunoglobulin,Specific immunoglobulins
hepatitis b immunoglobulin,Specific immunoglobulins
rabies immunoglobulin,Specific immunoglobulins
rubella immunoglobulin,Specific immunoglobulins
vaccinia immunoglobulin,Specific immunoglobulins
staphylococcus immunoglobulin,Specific immunoglobulins
cytomegalovirus immunoglobulin,Specific immunoglobulins
diphtheria immunoglobulin,Specific immunoglobulins
hepatitis a immunoglobulin,Specific immunoglobulins
"encephalitis, tick borne immunoglobulin",Specific immunoglobulins
pertussis immunoglobulin,Specific immunoglobulins
measles immunoglobulin,Specific immunoglobulins
mumps immunoglobulin,Specific immunoglobulins
palivizumab,Specific immunoglobulins
motavizumab,Specific immunoglobulins
raxibacumab,Specific immunoglobulins
anthrax immunoglobulin,Specific immunoglobulins
bezlotoxumab,Specific immunoglobulins
obiltoxaximab,Specific immunoglobulins
nebacumab,Other immunoglobulins
anthrax antigen,Anthrax vaccines
brucella antigen,Brucellosis vaccines
"cholera, inactivated, whole cell",Cholera vaccines
"cholera, live attenuated",Cholera vaccines
"cholera, combinations with typhoid vaccine, inactivated, whole cell",Cholera vaccines
diphtheria toxoid,Diphtheria vaccines
"haemophilus influenzae b, purified antigen conjugated",Haemophilus influenzae B vaccines
"haemophilus influenzae b, combinations with toxoids",Haemophilus influenzae B vaccines
"haemophilus influenzae b, combinations with pertussis and toxoids",Haemophilus influenzae B vaccines
"haemophilus influenzae b, combinations with meningococcus c, conjugated",Haemophilus influenzae B vaccines
"meningococcus a, purified polysaccharides antigen",Meningococcal vaccines
other meningococcal monovalent purified polysaccharides antigen,Meningococcal vaccines
"meningococcus a,c, bivalent purified polysaccharides antigen",Meningococcal vaccines
"meningococcus a,c,y,w-135, tetravalent purified polysaccharides antigen",Meningococcal vaccines
other meningococcal polyvalent purified polysaccharides antigen,Meningococcal vaccines
"meningococcus b, outer membrane vesicle vaccine",Meningococcal vaccines
"meningococcus c, purified polysaccharides antigen conjugated",Meningococcal vaccines
"meningococcus a,c,y,w-135, tetravalent purified polysaccharides antigen conjugated",Meningococcal vaccines
"meningococcus b, multicomponent vaccine",Meningococcal vaccines
"meningococcus a, purified polysaccharides antigen conjugated",Meningococcal vaccines
"pertussis, inactivated, whole cell",Pertussis vaccines
"pertussis, purified antigen",Pertussis vaccines
"pertussis, inactivated, whole cell, combinations with toxoids",Pertussis vaccines
"pertussis, purified antigen, combinations with toxoids",Pertussis vaccines
"plague, inactivated, whole cell",Plague vaccines
"pneumococcus, purified polysaccharides antigen",Pneumococcal vaccines
"pneumococcus, purified polysaccharides antigen conjugated",Pneumococcal vaccines
"pneumococcus purified polysaccharides antigen and haemophilus influenzae, conjugated",Pneumococcal vaccines
tetanus toxoid,Tetanus vaccines
"tetanus toxoid, combinations with diphtheria toxoid",Tetanus vaccines
"tetanus toxoid, combinations with tetanus immunoglobulin",Tetanus vaccines
"tuberculosis, live attenuated",Tuberculosis vaccines
"typhoid, oral, live attenuated",Typhoid vaccines
"typhoid, inactivated, whole cell",Typhoid vaccines
"typhoid, purified polysaccharide antigen",Typhoid vaccines
"typhoid, combinations with paratyphi types",Typhoid vaccines
"typhus exanthematicus, inactivated, whole cell",Typhus (exanthematicus) vaccines
"encephalitis, tick borne, inactivated, whole virus",Encephalitis vaccines
"encephalitis, japanese, inactivated, whole virus",Encephalitis vaccines
"encephalitis, japanese, live attenuated",Encephalitis vaccines
"influenza, inactivated, whole virus",Influenza vaccines
"influenza, inactivated, split virus or surface antigen",Influenza vaccines
"influenza, live attenuated",Influenza vaccines
"influenza, virus like particles",Influenza vaccines
"hepatitis b, purified antigen",Hepatitis vaccines
"hepatitis a, inactivated, whole virus",Hepatitis vaccines
"measles, live attenuated",Measles vaccines
"measles, combinations with mumps, live attenuated",Measles vaccines
"measles, combinations with mumps and rubella, live attenuated",Measles vaccines
"measles, combinations with rubella, live attenuated",Measles vaccines
"measles, combinations with mumps, rubella and varicella, live attenuated",Measles vaccines
"mumps, live attenuated",Mumps vaccines
"poliomyelitis oral, monovalent, live attenuated",Poliomyelitis vaccines
"poliomyelitis oral, trivalent, live attenuated",Poliomyelitis vaccines
"poliomyelitis, trivalent, inactivated, whole virus",Poliomyelitis vaccines
"poliomyelitis oral, bivalent, live attenuated",Poliomyelitis vaccines
"rabies, inactivated, whole virus",Rabies vaccines
"rota virus, live attenuated",Rota virus diarrhea vaccines
"rota virus, pentavalent, live, reassorted",Rota virus diarrhea vaccines
"rubella, live attenuated",Rubella vaccines
"rubella, combinations with mumps, live attenuated",Rubella vaccines
"varicella, live attenuated",Varicella zoster vaccines
"zoster, live attenuated",Varicella zoster vaccines
"zoster, purified antigen",Varicella zoster vaccines
"yellow fever, live attenuated",Yellow fever vaccines
"papillomavirus (human types 6, 11, 16, 18)",Papillomavirus vaccines
"papillomavirus (human types 16, 18)",Papillomavirus vaccines
"papillomavirus (human types 6, 11, 16, 18, 31, 33, 45, 52, 58)",Papillomavirus vaccines
smallpox vaccines,Other viral vaccines
ebola vaccines,Other viral vaccines
diphtheria-poliomyelitis-tetanus,"Bacterial and viral vaccines, combined"
diphtheria-pertussis-poliomyelitis-tetanus,"Bacterial and viral vaccines, combined"
diphtheria-rubella-tetanus,"Bacterial and viral vaccines, combined"
haemophilus influenzae b and poliomyelitis,"Bacterial and viral vaccines, combined"
diphtheria-hepatitis b-pertussis-tetanus,"Bacterial and viral vaccines, combined"
diphtheria-haemophilus influenzae b-pertussis-poliomyelitis-tetanus,"Bacterial and viral vaccines, combined"
diphtheria-hepatitis b-tetanus,"Bacterial and viral vaccines, combined"
haemophilus influenzae b and hepatitis b,"Bacterial and viral vaccines, combined"
diphtheria-haemophilus influenzae b-pertussis-poliomyelitis-tetanus-hepatitis b,"Bacterial and viral vaccines, combined"
typhoid-hepatitis a,"Bacterial and viral vaccines, combined"
diphtheria-haemophilus influenzae b-pertussis-tetanus-hepatitis b,"Bacterial and viral vaccines, combined"
diphtheria-pertussis-poliomyelitis-tetanus-hepatitis b,"Bacterial and viral vaccines, combined"
diphtheria-haemophilus influenzae b-pertussis-tetanus-hepatitis b-meningococcus a + c,"Bacterial and viral vaccines, combined"
cyclophosphamide,Nitrogen mustard analogues
chlorambucil,Nitrogen mustard analogues
melphalan,Nitrogen mustard analogues
chlormethine,Nitrogen mustard analogues
ifosfamide,Nitrogen mustard analogues
trofosfamide,Nitrogen mustard analogues
prednimustine,Nitrogen mustard analogues
bendamustine,Nitrogen mustard analogues
busulfan,Alkyl sulfonates
treosulfan,Alkyl sulfonates
mannosulfan,Alkyl sulfonates
thiotepa,Ethylene imines
triaziquone,Ethylene imines
carboquone,Ethylene imines
carmustine,Nitrosoureas
lomustine,Nitrosoureas
semustine,Nitrosoureas
streptozocin,Nitrosoureas
fotemustine,Nitrosoureas
nimustine,Nitrosoureas
ranimustine,Nitrosoureas
uramustine,Nitrosoureas
etoglucid,Epoxides
mitobronitol,Other alkylating agents
pipobroman,Other alkylating agents
temozolomide,Other alkylating agents
dacarbazine,Other alkylating agents
methotrexate,Folic acid analogues
raltitrexed,Folic acid analogues
pemetrexed,Folic acid analogues
pralatrexate,Folic acid analogues
mercaptopurine,Purine analogues
tioguanine,Purine analogues
cladribine,Purine analogues
fludarabine,Purine analogues
clofarabine,Purine analogues
nelarabine,Purine analogues
cytarabine,Pyrimidine analogues
fluorouracil,Pyrimidine analogues
tegafur,Pyrimidine analogues
carmofur,Pyrimidine analogues
gemcitabine,Pyrimidine analogues
capecitabine,Pyrimidine analogues
azacitidine,Pyrimidine analogues
decitabine,Pyrimidine analogues
floxuridine,Pyrimidine analogues
"fluorouracil, combinations",Pyrimidine analogues
"tegafur, combinations",Pyrimidine analogues
"trifluridine, combinations",Pyrimidine analogues
vinblastine,Vinca alkaloids and analogues
vincristine,Vinca alkaloids and analogues
vindesine,Vinca alkaloids and analogues
vinorelbine,Vinca alkaloids and analogues
vinflunine,Vinca alkaloids and analogues
vintafolide,Vinca alkaloids and analogues
etoposide,Podophyllotoxin derivatives
teniposide,Podophyllotoxin derivatives
demecolcine,Colchicine derivatives
paclitaxel,Taxanes
docetaxel,Taxanes
paclitaxel poliglumex,Taxanes
cabazitaxel,Taxanes
topotecan,Topoisomerase 1 (TOP1) inhibitors
irinotecan,Topoisomerase 1 (TOP1) inhibitors
etirinotecan pegol,Topoisomerase 1 (TOP1) inhibitors
belotecan,Topoisomerase 1 (TOP1) inhibitors
trabectedin,Other plant alkaloids and natural products
dactinomycin,Actinomycines
doxorubicin,Anthracyclines and related substances
daunorubicin,Anthracyclines and related substances
epirubicin,Anthracyclines and related substances
aclarubicin,Anthracyclines and related substances
zorubicin,Anthracyclines and related substances
idarubicin,Anthracyclines and related substances
mitoxantrone,Anthracyclines and related substances
pirarubicin,Anthracyclines and related substances
valrubicin,Anthracyclines and related substances
amrubicin,Anthracyclines and related substances
pixantrone,Anthracyclines and related substances
bleomycin,Other cytotoxic antibiotics
plicamycin,Other cytotoxic antibiotics
mitomycin,Other cytotoxic antibiotics
ixabepilone,Other cytotoxic antibiotics
imatinib,BCR-ABL tyrosine kinase inhibitors
dasatinib,BCR-ABL tyrosine kinase inhibitors
nilotinib,BCR-ABL tyrosine kinase inhibitors
bosutinib,BCR-ABL tyrosine kinase inhibitors
ponatinib,BCR-ABL tyrosine kinase inhibitors
gefitinib,Epidermal growth factor receptor (EGFR) tyrosine kinase inhibitors
erlotinib,Epidermal growth factor receptor (EGFR) tyrosine kinase inhibitors
afatinib,Epidermal growth factor receptor (EGFR) tyrosine kinase inhibitors
osimertinib,Epidermal growth factor receptor (EGFR) tyrosine kinase inhibitors
rociletinib,Epidermal growth factor receptor (EGFR) tyrosine kinase inhibitors
olmutinib,Epidermal growth factor receptor (EGFR) tyrosine kinase inhibitors
dacomitinib,Epidermal growth factor receptor (EGFR) tyrosine kinase inhibitors
icotinib,Epidermal growth factor receptor (EGFR) tyrosine kinase inhibitors
vemurafenib,B-Raf serine-threonine kinase (BRAF) inhibitors
dabrafenib,B-Raf serine-threonine kinase (BRAF) inhibitors
encorafenib,B-Raf serine-threonine kinase (BRAF) inhibitors
crizotinib,Anaplastic lymphoma kinase (ALK) inhibitors
ceritinib,Anaplastic lymphoma kinase (ALK) inhibitors
alectinib,Anaplastic lymphoma kinase (ALK) inhibitors
brigatinib,Anaplastic lymphoma kinase (ALK) inhibitors
lorlatinib,Anaplastic lymphoma kinase (ALK) inhibitors
trametinib,Mitogen-activated protein kinase (MEK) inhibitors
cobimetinib,Mitogen-activated protein kinase (MEK) inhibitors
binimetinib,Mitogen-activated protein kinase (MEK) inhibitors
selumetinib,Mitogen-activated protein kinase (MEK) inhibitors
palbociclib,Cyclin-dependent kinase (CDK) inhibitors
ribociclib,Cyclin-dependent kinase (CDK) inhibitors
abemaciclib,Cyclin-dependent kinase (CDK) inhibitors
temsirolimus,Mammalian target of rapamycin (mTOR) kinase inhibitors
everolimus,Mammalian target of rapamycin (mTOR) kinase inhibitors
ridaforolimus,Mammalian target of rapamycin (mTOR) kinase inhibitors
lapatinib,Human epidermal growth factor receptor 2 (HER2) tyrosine kinase inhibitors
neratinib,Human epidermal growth factor receptor 2 (HER2) tyrosine kinase inhibitors
tucatinib,Human epidermal growth factor receptor 2 (HER2) tyrosine kinase inhibitors
ruxolitinib,Janus-associated kinase (JAK) inhibitors
fedratinib,Janus-associated kinase (JAK) inhibitors
axitinib,Vascular endothelial growth factor receptor (VEGFR) tyrosine kinase inhibitors
cediranib,Vascular endothelial growth factor receptor (VEGFR) tyrosine kinase inhibitors
tivozanib,Vascular endothelial growth factor receptor (VEGFR) tyrosine kinase inhibitors
ibrutinib,Bruton's tyrosine kinase (BTK) inhibitors
acalabrutinib,Bruton's tyrosine kinase (BTK) inhibitors
zanubrutinib,Bruton's tyrosine kinase (BTK) inhibitors
idelalisib,Phosphatidylinositol-3-kinase (Pi3K) inhibitors
copanlisib,Phosphatidylinositol-3-kinase (Pi3K) inhibitors
alpelisib,Phosphatidylinositol-3-kinase (Pi3K) inhibitors
duvelisib,Phosphatidylinositol-3-kinase (Pi3K) inhibitors
sunitinib,Other protein kinase inhibitors
sorafenib,Other protein kinase inhibitors
pazopanib,Other protein kinase inhibitors
vandetanib,Other protein kinase inhibitors
regorafenib,Other protein kinase inhibitors
masitinib,Other protein kinase inhibitors
cabozantinib,Other protein kinase inhibitors
lenvatinib,Other protein kinase inhibitors
nintedanib,Other protein kinase inhibitors
midostaurin,Other protein kinase inhibitors
quizartinib,Other protein kinase inhibitors
larotrectinib,Other protein kinase inhibitors
gilteritinib,Other protein kinase inhibitors
entrectinib,Other protein kinase inhibitors
pexidartinib,Other protein kinase inhibitors
erdafitinib,Other protein kinase inhibitors
capmatinib,Other protein kinase inhibitors
avapritinib,Other protein kinase inhibitors
ripretinib,Other protein kinase inhibitors
pemigatinib,Other protein kinase inhibitors
tepotinib,Other protein kinase inhibitors
cisplatin,Platinum compounds
carboplatin,Platinum compounds
oxaliplatin,Platinum compounds
satraplatin,Platinum compounds
polyplatillen,Platinum compounds
procarbazine,Methylhydrazines
edrecolomab,Monoclonal antibodies
rituximab,Monoclonal antibodies
trastuzumab,Monoclonal antibodies
gemtuzumab ozogamicin,Monoclonal antibodies
cetuximab,Monoclonal antibodies
bevacizumab,Monoclonal antibodies
panitumumab,Monoclonal antibodies
catumaxomab,Monoclonal antibodies
ofatumumab,Monoclonal antibodies
ipilimumab,Monoclonal antibodies
brentuximab vedotin,Monoclonal antibodies
pertuzumab,Monoclonal antibodies
trastuzumab emtansine,Monoclonal antibodies
obinutuzumab,Monoclonal antibodies
dinutuximab beta,Monoclonal antibodies
nivolumab,Monoclonal antibodies
pembrolizumab,Monoclonal antibodies
blinatumomab,Monoclonal antibodies
ramucirumab,Monoclonal antibodies
necitumumab,Monoclonal antibodies
elotuzumab,Monoclonal antibodies
daratumumab,Monoclonal antibodies
mogamulizumab,Monoclonal antibodies
inotuzumab ozogamicin,Monoclonal antibodies
olaratumab,Monoclonal antibodies
durvalumab,Monoclonal antibodies
bermekimab,Monoclonal antibodies
avelumab,Monoclonal antibodies
atezolizumab,Monoclonal antibodies
cemiplimab,Monoclonal antibodies
moxetumomab pasudotox,Monoclonal antibodies
tafasitamab,Monoclonal antibodies
enfortumab vedotin,Monoclonal antibodies
polatuzumab vedotin,Monoclonal antibodies
isatuximab,Monoclonal antibodies
belantamab mafodotin,Monoclonal antibodies
dostarlimab,Monoclonal antibodies
trastuzumab deruxtecan,Monoclonal antibodies
porfimer sodium,Sensitizers used in photodynamic/radiation therapy
methyl aminolevulinate,Sensitizers used in photodynamic/radiation therapy
aminolevulinic acid,Sensitizers used in photodynamic/radiation therapy
temoporfin,Sensitizers used in photodynamic/radiation therapy
efaproxiral,Sensitizers used in photodynamic/radiation therapy
padeliporfin,Sensitizers used in photodynamic/radiation therapy
bexarotene,Retinoids for cancer treatment
bortezomib,Proteasome inhibitors
carfilzomib,Proteasome inhibitors
ixazomib,Proteasome inhibitors
vorinostat,Histone deacetylase (HDAC) inhibitors
romidepsin,Histone deacetylase (HDAC) inhibitors
panobinostat,Histone deacetylase (HDAC) inhibitors
belinostat,Histone deacetylase (HDAC) inhibitors
entinostat,Histone deacetylase (HDAC) inhibitors
vismodegib,Hedgehog pathway inhibitors
sonidegib,Hedgehog pathway inhibitors
glasdegib,Hedgehog pathway inhibitors
olaparib,Poly (ADP-ribose) polymerase (PARP) inhibitors
niraparib,Poly (ADP-ribose) polymerase (PARP) inhibitors
rucaparib,Poly (ADP-ribose) polymerase (PARP) inhibitors
talazoparib,Poly (ADP-ribose) polymerase (PARP) inhibitors
veliparib,Poly (ADP-ribose) polymerase (PARP) inhibitors
amsacrine,Other antineoplastic agents
asparaginase,Other antineoplastic agents
altretamine,Other antineoplastic agents
hydroxycarbamide,Other antineoplastic agents
lonidamine,Other antineoplastic agents
pentostatin,Other antineoplastic agents
masoprocol,Other antineoplastic agents
estramustine,Other antineoplastic agents
mitoguazone,Other antineoplastic agents
tiazofurine,Other antineoplastic agents
mitotane,Other antineoplastic agents
pegaspargase,Other antineoplastic agents
arsenic trioxide,Other antineoplastic agents
denileukin diftitox,Other antineoplastic agents
celecoxib,Other antineoplastic agents
anagrelide,Other antineoplastic agents
oblimersen,Other antineoplastic agents
sitimagene ceradenovec,Other antineoplastic agents
omacetaxine mepesuccinate,Other antineoplastic agents
eribulin,Other antineoplastic agents
aflibercept,Other antineoplastic agents
talimogene laherparepvec,Other antineoplastic agents
venetoclax,Other antineoplastic agents
vosaroxin,Other antineoplastic agents
plitidepsin,Other antineoplastic agents
epacadostat,Other antineoplastic agents
enasidenib,Other antineoplastic agents
ivosidenib,Other antineoplastic agents
selinexor,Other antineoplastic agents
tagraxofusp,Other antineoplastic agents
lurbinectedin,Other antineoplastic agents
axicabtagene ciloleucel,Other antineoplastic agents
tisagenlecleucel,Other antineoplastic agents
cytarabine and daunorubicin,Combinations of antineoplastic agents
pertuzumab and trastuzumab,Combinations of antineoplastic agents
polyestradiol phosphate,Estrogens
fosfestrol,Estrogens
buserelin,Gonadotropin releasing hormone analogues
leuprorelin,Gonadotropin releasing hormone analogues
goserelin,Gonadotropin releasing hormone analogues
triptorelin,Gonadotropin releasing hormone analogues
histrelin,Gonadotropin releasing hormone analogues
leuprorelin and bicalutamide,Gonadotropin releasing hormone analogues
tamoxifen,Anti-estrogens
toremifene,Anti-estrogens
fulvestrant,Anti-estrogens
flutamide,Anti-androgens
nilutamide,Anti-androgens
bicalutamide,Anti-androgens
enzalutamide,Anti-androgens
apalutamide,Anti-androgens
darolutamide,Anti-androgens
aminoglutethimide,Aromatase inhibitors
formestane,Aromatase inhibitors
anastrozole,Aromatase inhibitors
letrozole,Aromatase inhibitors
vorozole,Aromatase inhibitors
exemestane,Aromatase inhibitors
abarelix,Other hormone antagonists and related agents
degarelix,Other hormone antagonists and related agents
abiraterone,Other hormone antagonists and related agents
filgrastim,Colony stimulating factors
molgramostim,Colony stimulating factors
sargramostim,Colony stimulating factors
lenograstim,Colony stimulating factors
ancestim,Colony stimulating factors
pegfilgrastim,Colony stimulating factors
lipegfilgrastim,Colony stimulating factors
balugrastim,Colony stimulating factors
empegfilgrastim,Colony stimulating factors
pegteograstim,Colony stimulating factors
interferon alfa natural,Interferons
interferon beta natural,Interferons
interferon gamma,Interferons
interferon alfa-2a,Interferons
interferon alfa-2b,Interferons
interferon alfa-n1,Interferons
interferon beta-1a,Interferons
interferon beta-1b,Interferons
interferon alfacon-1,Interferons
peginterferon alfa-2b,Interferons
peginterferon alfa-2a,Interferons
albinterferon alfa-2b,Interferons
peginterferon beta-1a,Interferons
cepeginterferon alfa-2b,Interferons
ropeginterferon alfa-2b,Interferons
"peginterferon alfa-2b, combinations",Interferons
"peginterferon alfa-2a, combinations",Interferons
aldesleukin,Interleukins
oprelvekin,Interleukins
lentinan,Other immunostimulants
roquinimex,Other immunostimulants
bcg vaccine,Other immunostimulants
pegademase,Other immunostimulants
pidotimod,Other immunostimulants
poly i:c,Other immunostimulants
poly iclc,Other immunostimulants
thymopentin,Other immunostimulants
immunocyanin,Other immunostimulants
tasonermin,Other immunostimulants
melanoma vaccine,Other immunostimulants
glatiramer acetate,Other immunostimulants
histamine dihydrochloride,Other immunostimulants
mifamurtide,Other immunostimulants
plerixafor,Other immunostimulants
sipuleucel-t,Other immunostimulants
cridanimod,Other immunostimulants
dasiprotimut-t,Other immunostimulants
elapegademase,Other immunostimulants
muromonab-cd3,Selective immunosuppressants
antilymphocyte immunoglobulin (horse),Selective immunosuppressants
antithymocyte immunoglobulin (rabbit),Selective immunosuppressants
mycophenolic acid,Selective immunosuppressants
sirolimus,Selective immunosuppressants
leflunomide,Selective immunosuppressants
alefacept,Selective immunosuppressants
gusperimus,Selective immunosuppressants
efalizumab,Selective immunosuppressants
abetimus,Selective immunosuppressants
natalizumab,Selective immunosuppressants
abatacept,Selective immunosuppressants
eculizumab,Selective immunosuppressants
belimumab,Selective immunosuppressants
fingolimod,Selective immunosuppressants
belatacept,Selective immunosuppressants
tofacitinib,Selective immunosuppressants
teriflunomide,Selective immunosuppressants
apremilast,Selective immunosuppressants
vedolizumab,Selective immunosuppressants
alemtuzumab,Selective immunosuppressants
begelomab,Selective immunosuppressants
ocrelizumab,Selective immunosuppressants
baricitinib,Selective immunosuppressants
ozanimod,Selective immunosuppressants
emapalumab,Selective immunosuppressants
imlifidase,Selective immunosuppressants
siponimod,Selective immunosuppressants
ravulizumab,Selective immunosuppressants
upadacitinib,Selective immunosuppressants
filgotinib,Selective immunosuppressants
itacitinib,Selective immunosuppressants
inebilizumab,Selective immunosuppressants
etanercept,Tumor necrosis factor alpha (TNF-alpha) inhibitors
infliximab,Tumor necrosis factor alpha (TNF-alpha) inhibitors
afelimomab,Tumor necrosis factor alpha (TNF-alpha) inhibitors
adalimumab,Tumor necrosis factor alpha (TNF-alpha) inhibitors
certolizumab pegol,Tumor necrosis factor alpha (TNF-alpha) inhibitors
golimumab,Tumor necrosis factor alpha (TNF-alpha) inhibitors
opinercept,Tumor necrosis factor alpha (TNF-alpha) inhibitors
daclizumab,Interleukin inhibitors
basiliximab,Interleukin inhibitors
anakinra,Interleukin inhibitors
rilonacept,Interleukin inhibitors
ustekinumab,Interleukin inhibitors
tocilizumab,Interleukin inhibitors
canakinumab,Interleukin inhibitors
briakinumab,Interleukin inhibitors
secukinumab,Interleukin inhibitors
siltuximab,Interleukin inhibitors
brodalumab,Interleukin inhibitors
ixekizumab,Interleukin inhibitors
sarilumab,Interleukin inhibitors
sirukumab,Interleukin inhibitors
guselkumab,Interleukin inhibitors
tildrakizumab,Interleukin inhibitors
risankizumab,Interleukin inhibitors
satralizumab,Interleukin inhibitors
ciclosporin,Calcineurin inhibitors
voclosporin,Calcineurin inhibitors
azathioprine,Other immunosuppressants
thalidomide,Other immunosuppressants
lenalidomide,Other immunosuppressants
pirfenidone,Other immunosuppressants
pomalidomide,Other immunosuppressants
dimethyl fumarate,Other immunosuppressants
darvadstrocel,Other immunosuppressants
phenylbutazone,Butylpyrazolidines
mofebutazone,Butylpyrazolidines
oxyphenbutazone,Butylpyrazolidines
clofezone,Butylpyrazolidines
kebuzone,Butylpyrazolidines
sulindac,Acetic acid derivatives and related substances
tolmetin,Acetic acid derivatives and related substances
zomepirac,Acetic acid derivatives and related substances
alclofenac,Acetic acid derivatives and related substances
bumadizone,Acetic acid derivatives and related substances
etodolac,Acetic acid derivatives and related substances
lonazolac,Acetic acid derivatives and related substances
fentiazac,Acetic acid derivatives and related substances
acemetacin,Acetic acid derivatives and related substances
difenpiramide,Acetic acid derivatives and related substances
oxametacin,Acetic acid derivatives and related substances
proglumetacin,Acetic acid derivatives and related substances
ketorolac,Acetic acid derivatives and related substances
aceclofenac,Acetic acid derivatives and related substances
bufexamac,Acetic acid derivatives and related substances
"indometacin, combinations",Acetic acid derivatives and related substances
"diclofenac, combinations",Acetic acid derivatives and related substances
piroxicam,Oxicams
tenoxicam,Oxicams
droxicam,Oxicams
lornoxicam,Oxicams
meloxicam,Oxicams
"meloxicam, combinations",Oxicams
ketoprofen,Propionic acid derivatives
fenoprofen,Propionic acid derivatives
fenbufen,Propionic acid derivatives
benoxaprofen,Propionic acid derivatives
suprofen,Propionic acid derivatives
pirprofen,Propionic acid derivatives
flurbiprofen,Propionic acid derivatives
indoprofen,Propionic acid derivatives
tiaprofenic acid,Propionic acid derivatives
oxaprozin,Propionic acid derivatives
ibuproxam,Propionic acid derivatives
dexibuprofen,Propionic acid derivatives
alminoprofen,Propionic acid derivatives
dexketoprofen,Propionic acid derivatives
naproxcinod,Propionic acid derivatives
"ibuprofen, combinations",Propionic acid derivatives
naproxen and esomeprazole,Propionic acid derivatives
"ketoprofen, combinations",Propionic acid derivatives
naproxen and misoprostol,Propionic acid derivatives
mefenamic acid,Fenamates
tolfenamic acid,Fenamates
flufenamic acid,Fenamates
meclofenamic acid,Fenamates
rofecoxib,Coxibs
valdecoxib,Coxibs
parecoxib,Coxibs
etoricoxib,Coxibs
lumiracoxib,Coxibs
polmacoxib,Coxibs
nabumetone,"Other antiinflammatory and antirheumatic agents, non-steroids"
niflumic acid,"Other antiinflammatory and antirheumatic agents, non-steroids"
azapropazone,"Other antiinflammatory and antirheumatic agents, non-steroids"
glucosamine,"Other antiinflammatory and antirheumatic agents, non-steroids"
glucosaminoglycan polysulfate,"Other antiinflammatory and antirheumatic agents, non-steroids"
proquazone,"Other antiinflammatory and antirheumatic agents, non-steroids"
orgotein,"Other antiinflammatory and antirheumatic agents, non-steroids"
nimesulide,"Other antiinflammatory and antirheumatic agents, non-steroids"
feprazone,"Other antiinflammatory and antirheumatic agents, non-steroids"
diacerein,"Other antiinflammatory and antirheumatic agents, non-steroids"
morniflumate,"Other antiinflammatory and antirheumatic agents, non-steroids"
tenidap,"Other antiinflammatory and antirheumatic agents, non-steroids"
chondroitin sulfate,"Other antiinflammatory and antirheumatic agents, non-steroids"
"avocado and soyabean oil, unsaponifiables","Other antiinflammatory and antirheumatic agents, non-steroids"
"feprazone, combinations","Other antiinflammatory and antirheumatic agents, non-steroids"
phenylbutazone and corticosteroids,Antiinflammatory/antirheumatic agents in combination with corticosteroids
dipyrocetyl and corticosteroids,Antiinflammatory/antirheumatic agents in combination with corticosteroids
acetylsalicylic acid and corticosteroids,Antiinflammatory/antirheumatic agents in combination with corticosteroids
oxycinchophen,Quinolines
sodium aurothiomalate,Gold preparations
sodium aurotiosulfate,Gold preparations
auranofin,Gold preparations
aurothioglucose,Gold preparations
aurotioprol,Gold preparations
penicillamine,Penicillamine and similar agents
bucillamine,Penicillamine and similar agents
etofenamate,"Antiinflammatory preparations, non-steroids for topical use"
felbinac,"Antiinflammatory preparations, non-steroids for topical use"
bendazac,"Antiinflammatory preparations, non-steroids for topical use"
suxibuzone,"Antiinflammatory preparations, non-steroids for topical use"
nifenazone,"Antiinflammatory preparations, non-steroids for topical use"
piketoprofen,"Antiinflammatory preparations, non-steroids for topical use"
esflurbiprofen,"Antiinflammatory preparations, non-steroids for topical use"
capsaicin,Capsaicin and similar agents
zucapsaicin,Capsaicin and similar agents
idrocilamide,Other topical products for joint and muscular pain
tolperisone,Other topical products for joint and muscular pain
alcuronium,Curare alkaloids
tubocurarine,Curare alkaloids
dimethyltubocurarine,Curare alkaloids
suxamethonium,Choline derivatives
pancuronium,Other quaternary ammonium compounds
gallamine,Other quaternary ammonium compounds
vecuronium,Other quaternary ammonium compounds
atracurium,Other quaternary ammonium compounds
hexafluronium,Other quaternary ammonium compounds
pipecuronium bromide,Other quaternary ammonium compounds
doxacurium chloride,Other quaternary ammonium compounds
fazadinium bromide,Other quaternary ammonium compounds
rocuronium bromide,Other quaternary ammonium compounds
mivacurium chloride,Other quaternary ammonium compounds
cisatracurium,Other quaternary ammonium compounds
botulinum toxin,"Other muscle relaxants, peripherally acting agents"
phenprobamate,Carbamic acid esters
carisoprodol,Carbamic acid esters
methocarbamol,Carbamic acid esters
styramate,Carbamic acid esters
febarbamate,Carbamic acid esters
"phenprobamate, combinations excl. psycholeptics",Carbamic acid esters
"carisoprodol, combinations excl. psycholeptics",Carbamic acid esters
"methocarbamol, combinations excl. psycholeptics",Carbamic acid esters
"phenprobamate, combinations with psycholeptics",Carbamic acid esters
"carisoprodol, combinations with psycholeptics",Carbamic acid esters
"methocarbamol, combinations with psycholeptics",Carbamic acid esters
chlormezanone,"Oxazol, thiazine, and triazine derivatives"
chlorzoxazone,"Oxazol, thiazine, and triazine derivatives"
"chlormezanone, combinations excl. psycholeptics","Oxazol, thiazine, and triazine derivatives"
"chlorzoxazone, combinations excl. psycholeptics","Oxazol, thiazine, and triazine derivatives"
"chlormezanone, combinations with psycholeptics","Oxazol, thiazine, and triazine derivatives"
"chlorzoxazone, combinations with psycholeptics","Oxazol, thiazine, and triazine derivatives"
orphenadrine (citrate),"Ethers, chemically close to antihistamines"
"orphenadrine, combinations","Ethers, chemically close to antihistamines"
baclofen,Other centrally acting agents
tizanidine,Other centrally acting agents
pridinol,Other centrally acting agents
thiocolchicoside,Other centrally acting agents
mephenesin,Other centrally acting agents
tetrazepam,Other centrally acting agents
cyclobenzaprine,Other centrally acting agents
eperisone,Other centrally acting agents
fenyramidol,Other centrally acting agents
"thiocolchicoside, combinations",Other centrally acting agents
dantrolene,Dantrolene and derivatives
allopurinol,Preparations inhibiting uric acid production
tisopurine,Preparations inhibiting uric acid production
febuxostat,Preparations inhibiting uric acid production
"allopurinol, combinations",Preparations inhibiting uric acid production
probenecid,Preparations increasing uric acid excretion
sulfinpyrazone,Preparations increasing uric acid excretion
benzbromarone,Preparations increasing uric acid excretion
isobromindione,Preparations increasing uric acid excretion
lesinurad,Preparations increasing uric acid excretion
colchicine,Preparations with no effect on uric acid metabolism
cinchophen,Preparations with no effect on uric acid metabolism
urate oxidase,Other antigout preparations
pegloticase,Other antigout preparations
etidronic acid,Bisphosphonates
clodronic acid,Bisphosphonates
pamidronic acid,Bisphosphonates
alendronic acid,Bisphosphonates
tiludronic acid,Bisphosphonates
ibandronic acid,Bisphosphonates
risedronic acid,Bisphosphonates
zoledronic acid,Bisphosphonates
"etidronic acid and calcium, sequential","Bisphosphonates, combinations"
"risedronic acid and calcium, sequential","Bisphosphonates, combinations"
alendronic acid and colecalciferol,"Bisphosphonates, combinations"
"risedronic acid, calcium and colecalciferol, sequential","Bisphosphonates, combinations"
"alendronic acid, calcium and colecalciferol, sequential","Bisphosphonates, combinations"
"alendronic acid and alfacalcidol, sequential","Bisphosphonates, combinations"
risedronic acid and colecalciferol,"Bisphosphonates, combinations"
"zoledronic acid, calcium and colecalciferol, sequential","Bisphosphonates, combinations"
ibandronic acid and colecalciferol,"Bisphosphonates, combinations"
dibotermin alfa,Bone morphogenetic proteins
eptotermin alfa,Bone morphogenetic proteins
ipriflavone,Other drugs affecting bone structure and mineralization
strontium ranelate,Other drugs affecting bone structure and mineralization
denosumab,Other drugs affecting bone structure and mineralization
burosumab,Other drugs affecting bone structure and mineralization
romosozumab,Other drugs affecting bone structure and mineralization
strontium ranelate and colecalciferol,Other drugs affecting bone structure and mineralization
hydroquinine,Quinine and derivatives
"quinine, combinations with psycholeptics",Quinine and derivatives
chymopapain,Enzymes
collagenase clostridium histolyticum,Enzymes
"trypsin, combinations",Enzymes
"chondrocytes, autologous",Other drugs for disorders of the musculo-skeletal system
ataluren,Other drugs for disorders of the musculo-skeletal system
drisapersen,Other drugs for disorders of the musculo-skeletal system
aceneuramic acid,Other drugs for disorders of the musculo-skeletal system
eteplirsen,Other drugs for disorders of the musculo-skeletal system
nusinersen,Other drugs for disorders of the musculo-skeletal system
golodirsen,Other drugs for disorders of the musculo-skeletal system
onasemnogene abeparvovec,Other drugs for disorders of the musculo-skeletal system
risdiplam,Other drugs for disorders of the musculo-skeletal system
palovarotene,Other drugs for disorders of the musculo-skeletal system
diethyl ether,Ethers
vinyl ether,Ethers
halothane,Halogenated hydrocarbons
chloroform,Halogenated hydrocarbons
enflurane,Halogenated hydrocarbons
trichloroethylene,Halogenated hydrocarbons
isoflurane,Halogenated hydrocarbons
desflurane,Halogenated hydrocarbons
sevoflurane,Halogenated hydrocarbons
methohexital,"Barbiturates, plain"
hexobarbital,"Barbiturates, plain"
thiopental,"Barbiturates, plain"
narcobarbital,Barbiturates in combination with other drugs
fentanyl,Opioid anesthetics
alfentanil,Opioid anesthetics
sufentanil,Opioid anesthetics
phenoperidine,Opioid anesthetics
anileridine,Opioid anesthetics
remifentanil,Opioid anesthetics
"fentanyl, combinations",Opioid anesthetics
ketamine,Other general anesthetics
propanidid,Other general anesthetics
alfaxalone,Other general anesthetics
etomidate,Other general anesthetics
propofol,Other general anesthetics
sodium oxybate,Other general anesthetics
nitrous oxide,Other general anesthetics
esketamine,Other general anesthetics
xenon,Other general anesthetics
"nitrous oxide, combinations",Other general anesthetics
metabutethamine,Esters of aminobenzoic acid
chloroprocaine,Esters of aminobenzoic acid
"procaine, combinations",Esters of aminobenzoic acid
"tetracaine, combinations",Esters of aminobenzoic acid
bupivacaine,Amides
mepivacaine,Amides
prilocaine,Amides
butanilicaine,Amides
etidocaine,Amides
articaine,Amides
ropivacaine,Amides
levobupivacaine,Amides
"bupivacaine, combinations",Amides
"lidocaine, combinations",Amides
"mepivacaine, combinations",Amides
"prilocaine, combinations",Amides
"etidocaine, combinations",Amides
"articaine, combinations",Amides
bupivacaine and meloxicam,Amides
cocaine,Esters of benzoic acid
ethyl chloride,Other local anesthetics
dyclonine,Other local anesthetics
morphine,Natural opium alkaloids
hydromorphone,Natural opium alkaloids
nicomorphine,Natural opium alkaloids
oxycodone,Natural opium alkaloids
dihydrocodeine,Natural opium alkaloids
papaveretum,Natural opium alkaloids
oxymorphone,Natural opium alkaloids
hydromorphone and naloxone,Natural opium alkaloids
oxycodone and naloxone,Natural opium alkaloids
oxycodone and naltrexone,Natural opium alkaloids
"dihydrocodeine, combinations",Natural opium alkaloids
"codeine, combinations excl. psycholeptics",Natural opium alkaloids
"codeine, combinations with psycholeptics",Natural opium alkaloids
ketobemidone,Phenylpiperidine derivatives
pethidine,Phenylpiperidine derivatives
"pethidine, combinations excl. psycholeptics",Phenylpiperidine derivatives
"pethidine, combinations with psycholeptics",Phenylpiperidine derivatives
dextromoramide,Diphenylpropylamine derivatives
piritramide,Diphenylpropylamine derivatives
dextropropoxyphene,Diphenylpropylamine derivatives
bezitramide,Diphenylpropylamine derivatives
"methadone, combinations excl. psycholeptics",Diphenylpropylamine derivatives
"dextropropoxyphene, combinations excl. psycholeptics",Diphenylpropylamine derivatives
"dextropropoxyphene, combinations with psycholeptics",Diphenylpropylamine derivatives
pentazocine,Benzomorphan derivatives
phenazocine,Benzomorphan derivatives
buprenorphine,Oripavine derivatives
butorphanol,Morphinan derivatives
nalbuphine,Morphinan derivatives
morphine and antispasmodics,Opioids in combination with antispasmodics
ketobemidone and antispasmodics,Opioids in combination with antispasmodics
pethidine and antispasmodics,Opioids in combination with antispasmodics
hydromorphone and antispasmodics,Opioids in combination with antispasmodics
dihydrocodeine and paracetamol,Opioids in combination with non-opioid analgesics
dihydrocodeine and acetylsalicylic acid,Opioids in combination with non-opioid analgesics
dihydrocodeine and other non-opioid analgesics,Opioids in combination with non-opioid analgesics
codeine and paracetamol,Opioids in combination with non-opioid analgesics
codeine and acetylsalicylic acid,Opioids in combination with non-opioid analgesics
codeine and ibuprofen,Opioids in combination with non-opioid analgesics
codeine and other non-opioid analgesics,Opioids in combination with non-opioid analgesics
tramadol and paracetamol,Opioids in combination with non-opioid analgesics
tramadol and dexketoprofen,Opioids in combination with non-opioid analgesics
tramadol and other non-opioid analgesics,Opioids in combination with non-opioid analgesics
oxycodone and paracetamol,Opioids in combination with non-opioid analgesics
oxycodone and acetylsalicylic acid,Opioids in combination with non-opioid analgesics
oxycodone and ibuprofen,Opioids in combination with non-opioid analgesics
tilidine,Other opioids
tramadol,Other opioids
dezocine,Other opioids
meptazinol,Other opioids
tapentadol,Other opioids
choline salicylate,Salicylic acid and derivatives
sodium salicylate,Salicylic acid and derivatives
salicylamide,Salicylic acid and derivatives
salsalate,Salicylic acid and derivatives
ethenzamide,Salicylic acid and derivatives
morpholine salicylate,Salicylic acid and derivatives
dipyrocetyl,Salicylic acid and derivatives
benorilate,Salicylic acid and derivatives
diflunisal,Salicylic acid and derivatives
potassium salicylate,Salicylic acid and derivatives
guacetisal,Salicylic acid and derivatives
imidazole salicylate,Salicylic acid and derivatives
"acetylsalicylic acid, combinations excl. psycholeptics",Salicylic acid and derivatives
"salicylamide, combinations excl. psycholeptics",Salicylic acid and derivatives
"ethenzamide, combinations excl. psycholeptics",Salicylic acid and derivatives
"dipyrocetyl, combinations excl. psycholeptics",Salicylic acid and derivatives
carbasalate calcium combinations excl. psycholeptics,Salicylic acid and derivatives
"acetylsalicylic acid, combinations with psycholeptics",Salicylic acid and derivatives
"salicylamide, combinations with psycholeptics",Salicylic acid and derivatives
"ethenzamide, combinations with psycholeptics",Salicylic acid and derivatives
"dipyrocetyl, combinations with psycholeptics",Salicylic acid and derivatives
phenazone,Pyrazolones
metamizole sodium,Pyrazolones
aminophenazone,Pyrazolones
propyphenazone,Pyrazolones
"phenazone, combinations excl. psycholeptics",Pyrazolones
"metamizole sodium, combinations excl. psycholeptics",Pyrazolones
"aminophenazone, combinations excl. psycholeptics",Pyrazolones
"propyphenazone, combinations excl. psycholeptics",Pyrazolones
"phenazone, combinations with psycholeptics",Pyrazolones
"metamizole sodium, combinations with psycholeptics",Pyrazolones
"aminophenazone, combinations with psycholeptics",Pyrazolones
"propyphenazone, combinations with psycholeptics",Pyrazolones
paracetamol,Anilides
phenacetin,Anilides
bucetin,Anilides
propacetamol,Anilides
"paracetamol, combinations excl. psycholeptics",Anilides
"phenacetin, combinations excl. psycholeptics",Anilides
"bucetin, combinations excl. psycholeptics",Anilides
"paracetamol, combinations with psycholeptics",Anilides
"phenacetin, combinations with psycholeptics",Anilides
"bucetin, combinations with psycholeptics",Anilides
rimazolium,Other analgesics and antipyretics
glafenine,Other analgesics and antipyretics
floctafenine,Other analgesics and antipyretics
viminol,Other analgesics and antipyretics
nefopam,Other analgesics and antipyretics
flupirtine,Other analgesics and antipyretics
ziconotide,Other analgesics and antipyretics
methoxyflurane,Other analgesics and antipyretics
cannabinoids,Other analgesics and antipyretics
mirogabalin,Other analgesics and antipyretics
dihydroergotamine,Ergot alkaloids
ergotamine,Ergot alkaloids
methysergide,Ergot alkaloids
"dihydroergotamine, combinations",Ergot alkaloids
"ergotamine, combinations excl. psycholeptics",Ergot alkaloids
"ergotamine, combinations with psycholeptics",Ergot alkaloids
flumedroxone,Corticosteroid derivatives
sumatriptan,Selective serotonin (5HT1) agonists
naratriptan,Selective serotonin (5HT1) agonists
zolmitriptan,Selective serotonin (5HT1) agonists
rizatriptan,Selective serotonin (5HT1) agonists
almotriptan,Selective serotonin (5HT1) agonists
eletriptan,Selective serotonin (5HT1) agonists
frovatriptan,Selective serotonin (5HT1) agonists
erenumab,Calcitonin gene-related peptide (CGRP) antagonists
galcanezumab,Calcitonin gene-related peptide (CGRP) antagonists
fremanezumab,Calcitonin gene-related peptide (CGRP) antagonists
pizotifen,Other antimigraine preparations
iprazochrome,Other antimigraine preparations
dimetotiazine,Other antimigraine preparations
oxetorone,Other antimigraine preparations
methylphenobarbital,Barbiturates and derivatives
phenobarbital,Barbiturates and derivatives
primidone,Barbiturates and derivatives
barbexaclone,Barbiturates and derivatives
metharbital,Barbiturates and derivatives
ethotoin,Hydantoin derivatives
phenytoin,Hydantoin derivatives
amino(diphenylhydantoin) valeric acid,Hydantoin derivatives
mephenytoin,Hydantoin derivatives
fosphenytoin,Hydantoin derivatives
"phenytoin, combinations",Hydantoin derivatives
"mephenytoin, combinations",Hydantoin derivatives
paramethadione,Oxazolidine derivatives
trimethadione,Oxazolidine derivatives
ethadione,Oxazolidine derivatives
ethosuximide,Succinimide derivatives
phensuximide,Succinimide derivatives
mesuximide,Succinimide derivatives
"ethosuximide, combinations",Succinimide derivatives
clonazepam,Benzodiazepine derivatives
carbamazepine,Carboxamide derivatives
oxcarbazepine,Carboxamide derivatives
rufinamide,Carboxamide derivatives
eslicarbazepine,Carboxamide derivatives
valproic acid,Fatty acid derivatives
valpromide,Fatty acid derivatives
aminobutyric acid,Fatty acid derivatives
vigabatrin,Fatty acid derivatives
progabide,Fatty acid derivatives
tiagabine,Fatty acid derivatives
sultiame,Other antiepileptics
phenacemide,Other antiepileptics
lamotrigine,Other antiepileptics
felbamate,Other antiepileptics
topiramate,Other antiepileptics
gabapentin,Other antiepileptics
pheneturide,Other antiepileptics
levetiracetam,Other antiepileptics
zonisamide,Other antiepileptics
pregabalin,Other antiepileptics
stiripentol,Other antiepileptics
lacosamide,Other antiepileptics
carisbamate,Other antiepileptics
retigabine,Other antiepileptics
perampanel,Other antiepileptics
brivaracetam,Other antiepileptics
cannabidiol,Other antiepileptics
cenobamate,Other antiepileptics
beclamide,Other antiepileptics
trihexyphenidyl,Tertiary amines
biperiden,Tertiary amines
metixene,Tertiary amines
procyclidine,Tertiary amines
profenamine,Tertiary amines
dexetimide,Tertiary amines
phenglutarimide,Tertiary amines
mazaticol,Tertiary amines
bornaprine,Tertiary amines
tropatepine,Tertiary amines
etanautine,Ethers chemically close to antihistamines
orphenadrine (chloride),Ethers chemically close to antihistamines
benzatropine,Ethers of tropine or tropine derivatives
etybenzatropine,Ethers of tropine or tropine derivatives
levodopa,Dopa and dopa derivatives
levodopa and decarboxylase inhibitor,Dopa and dopa derivatives
"levodopa, decarboxylase inhibitor and comt inhibitor",Dopa and dopa derivatives
melevodopa,Dopa and dopa derivatives
melevodopa and decarboxylase inhibitor,Dopa and dopa derivatives
etilevodopa and decarboxylase inhibitor,Dopa and dopa derivatives
amantadine,Adamantane derivatives
pergolide,Dopamine agonists
dihydroergocryptine mesylate,Dopamine agonists
ropinirole,Dopamine agonists
pramipexole,Dopamine agonists
piribedil,Dopamine agonists
rotigotine,Dopamine agonists
selegiline,Monoamine oxidase B inhibitors
rasagiline,Monoamine oxidase B inhibitors
safinamide,Monoamine oxidase B inhibitors
tolcapone,Other dopaminergic agents
entacapone,Other dopaminergic agents
budipine,Other dopaminergic agents
opicapone,Other dopaminergic agents
istradefylline,Other antiparkinson drugs
chlorpromazine,Phenothiazines with aliphatic side-chain
levomepromazine,Phenothiazines with aliphatic side-chain
promazine,Phenothiazines with aliphatic side-chain
acepromazine,Phenothiazines with aliphatic side-chain
triflupromazine,Phenothiazines with aliphatic side-chain
cyamemazine,Phenothiazines with aliphatic side-chain
chlorproethazine,Phenothiazines with aliphatic side-chain
dixyrazine,Phenothiazines with piperazine structure
fluphenazine,Phenothiazines with piperazine structure
perphenazine,Phenothiazines with piperazine structure
prochlorperazine,Phenothiazines with piperazine structure
thiopropazate,Phenothiazines with piperazine structure
trifluoperazine,Phenothiazines with piperazine structure
acetophenazine,Phenothiazines with piperazine structure
thioproperazine,Phenothiazines with piperazine structure
butaperazine,Phenothiazines with piperazine structure
perazine,Phenothiazines with piperazine structure
periciazine,Phenothiazines with piperidine structure
thioridazine,Phenothiazines with piperidine structure
mesoridazine,Phenothiazines with piperidine structure
pipotiazine,Phenothiazines with piperidine structure
haloperidol,Butyrophenone derivatives
trifluperidol,Butyrophenone derivatives
melperone,Butyrophenone derivatives
moperone,Butyrophenone derivatives
pipamperone,Butyrophenone derivatives
bromperidol,Butyrophenone derivatives
benperidol,Butyrophenone derivatives
droperidol,Butyrophenone derivatives
fluanisone,Butyrophenone derivatives
oxypertine,Indole derivatives
molindone,Indole derivatives
sertindole,Indole derivatives
ziprasidone,Indole derivatives
lurasidone,Indole derivatives
flupentixol,Thioxanthene derivatives
clopenthixol,Thioxanthene derivatives
chlorprothixene,Thioxanthene derivatives
tiotixene,Thioxanthene derivatives
zuclopenthixol,Thioxanthene derivatives
fluspirilene,Diphenylbutylpiperidine derivatives
pimozide,Diphenylbutylpiperidine derivatives
penfluridol,Diphenylbutylpiperidine derivatives
loxapine,"Diazepines, oxazepines, thiazepines and oxepines"
clozapine,"Diazepines, oxazepines, thiazepines and oxepines"
olanzapine,"Diazepines, oxazepines, thiazepines and oxepines"
quetiapine,"Diazepines, oxazepines, thiazepines and oxepines"
asenapine,"Diazepines, oxazepines, thiazepines and oxepines"
clotiapine,"Diazepines, oxazepines, thiazepines and oxepines"
sulpiride,Benzamides
sultopride,Benzamides
tiapride,Benzamides
remoxipride,Benzamides
amisulpride,Benzamides
veralipride,Benzamides
levosulpiride,Benzamides
lithium,Lithium
prothipendyl,Other antipsychotics
risperidone,Other antipsychotics
mosapramine,Other antipsychotics
zotepine,Other antipsychotics
aripiprazole,Other antipsychotics
paliperidone,Other antipsychotics
iloperidone,Other antipsychotics
cariprazine,Other antipsychotics
brexpiprazole,Other antipsychotics
pimavanserin,Other antipsychotics
diazepam,Benzodiazepine derivatives
chlordiazepoxide,Benzodiazepine derivatives
medazepam,Benzodiazepine derivatives
oxazepam,Benzodiazepine derivatives
potassium clorazepate,Benzodiazepine derivatives
lorazepam,Benzodiazepine derivatives
adinazolam,Benzodiazepine derivatives
bromazepam,Benzodiazepine derivatives
clobazam,Benzodiazepine derivatives
ketazolam,Benzodiazepine derivatives
prazepam,Benzodiazepine derivatives
alprazolam,Benzodiazepine derivatives
halazepam,Benzodiazepine derivatives
pinazepam,Benzodiazepine derivatives
camazepam,Benzodiazepine derivatives
nordazepam,Benzodiazepine derivatives
fludiazepam,Benzodiazepine derivatives
ethyl loflazepate,Benzodiazepine derivatives
etizolam,Benzodiazepine derivatives
clotiazepam,Benzodiazepine derivatives
cloxazolam,Benzodiazepine derivatives
tofisopam,Benzodiazepine derivatives
bentazepam,Benzodiazepine derivatives
"lorazepam, combinations",Benzodiazepine derivatives
hydroxyzine,Diphenylmethane derivatives
captodiame,Diphenylmethane derivatives
"hydroxyzine, combinations",Diphenylmethane derivatives
meprobamate,Carbamates
emylcamate,Carbamates
mebutamate,Carbamates
"meprobamate, combinations",Carbamates
benzoctamine,Dibenzo-bicyclo-octadiene derivatives
buspirone,Azaspirodecanedione derivatives
mephenoxalone,Other anxiolytics
gedocarnil,Other anxiolytics
etifoxine,Other anxiolytics
fabomotizole,Other anxiolytics
lavandulae aetheroleum,Other anxiolytics
pentobarbital,"Barbiturates, plain"
amobarbital,"Barbiturates, plain"
butobarbital,"Barbiturates, plain"
barbital,"Barbiturates, plain"
aprobarbital,"Barbiturates, plain"
secobarbital,"Barbiturates, plain"
talbutal,"Barbiturates, plain"
vinylbital,"Barbiturates, plain"
vinbarbital,"Barbiturates, plain"
cyclobarbital,"Barbiturates, plain"
heptabarbital,"Barbiturates, plain"
reposal,"Barbiturates, plain"
etallobarbital,"Barbiturates, plain"
allobarbital,"Barbiturates, plain"
proxibarbal,"Barbiturates, plain"
combinations of barbiturates,"Barbiturates, combinations"
barbiturates in combination with other drugs,"Barbiturates, combinations"
chloral hydrate,Aldehydes and derivatives
chloralodol,Aldehydes and derivatives
acetylglycinamide chloral hydrate,Aldehydes and derivatives
dichloralphenazone,Aldehydes and derivatives
paraldehyde,Aldehydes and derivatives
flurazepam,Benzodiazepine derivatives
nitrazepam,Benzodiazepine derivatives
flunitrazepam,Benzodiazepine derivatives
estazolam,Benzodiazepine derivatives
triazolam,Benzodiazepine derivatives
lormetazepam,Benzodiazepine derivatives
temazepam,Benzodiazepine derivatives
midazolam,Benzodiazepine derivatives
brotizolam,Benzodiazepine derivatives
quazepam,Benzodiazepine derivatives
loprazolam,Benzodiazepine derivatives
doxefazepam,Benzodiazepine derivatives
cinolazepam,Benzodiazepine derivatives
remimazolam,Benzodiazepine derivatives
nimetazepam,Benzodiazepine derivatives
glutethimide,Piperidinedione derivatives
methyprylon,Piperidinedione derivatives
pyrithyldione,Piperidinedione derivatives
zopiclone,Benzodiazepine related drugs
zolpidem,Benzodiazepine related drugs
zaleplon,Benzodiazepine related drugs
eszopiclone,Benzodiazepine related drugs
melatonin,Melatonin receptor agonists
ramelteon,Melatonin receptor agonists
tasimelteon,Melatonin receptor agonists
methaqualone,Other hypnotics and sedatives
clomethiazole,Other hypnotics and sedatives
bromisoval,Other hypnotics and sedatives
carbromal,Other hypnotics and sedatives
propiomazine,Other hypnotics and sedatives
triclofos,Other hypnotics and sedatives
ethchlorvynol,Other hypnotics and sedatives
valerianae radix,Other hypnotics and sedatives
hexapropymate,Other hypnotics and sedatives
bromides,Other hypnotics and sedatives
apronal,Other hypnotics and sedatives
valnoctamide,Other hypnotics and sedatives
methylpentynol,Other hypnotics and sedatives
niaprazine,Other hypnotics and sedatives
dexmedetomidine,Other hypnotics and sedatives
suvorexant,Other hypnotics and sedatives
"methaqualone, combinations","Hypnotics and sedatives in combination, excl. barbiturates"
"methylpentynol, combinations","Hypnotics and sedatives in combination, excl. barbiturates"
"clomethiazole, combinations","Hypnotics and sedatives in combination, excl. barbiturates"
"emepronium, combinations","Hypnotics and sedatives in combination, excl. barbiturates"
"dipiperonylaminoethanol, combinations","Hypnotics and sedatives in combination, excl. barbiturates"
desipramine,Non-selective monoamine reuptake inhibitors
imipramine,Non-selective monoamine reuptake inhibitors
imipramine oxide,Non-selective monoamine reuptake inhibitors
clomipramine,Non-selective monoamine reuptake inhibitors
opipramol,Non-selective monoamine reuptake inhibitors
trimipramine,Non-selective monoamine reuptake inhibitors
lofepramine,Non-selective monoamine reuptake inhibitors
dibenzepin,Non-selective monoamine reuptake inhibitors
amitriptyline,Non-selective monoamine reuptake inhibitors
nortriptyline,Non-selective monoamine reuptake inhibitors
protriptyline,Non-selective monoamine reuptake inhibitors
iprindole,Non-selective monoamine reuptake inhibitors
melitracen,Non-selective monoamine reuptake inhibitors
butriptyline,Non-selective monoamine reuptake inhibitors
dosulepin,Non-selective monoamine reuptake inhibitors
amoxapine,Non-selective monoamine reuptake inhibitors
dimetacrine,Non-selective monoamine reuptake inhibitors
amineptine,Non-selective monoamine reuptake inhibitors
maprotiline,Non-selective monoamine reuptake inhibitors
quinupramine,Non-selective monoamine reuptake inhibitors
zimeldine,Selective serotonin reuptake inhibitors
fluoxetine,Selective serotonin reuptake inhibitors
citalopram,Selective serotonin reuptake inhibitors
paroxetine,Selective serotonin reuptake inhibitors
sertraline,Selective serotonin reuptake inhibitors
alaproclate,Selective serotonin reuptake inhibitors
fluvoxamine,Selective serotonin reuptake inhibitors
etoperidone,Selective serotonin reuptake inhibitors
escitalopram,Selective serotonin reuptake inhibitors
isocarboxazid,"Monoamine oxidase inhibitors, non-selective"
nialamide,"Monoamine oxidase inhibitors, non-selective"
phenelzine,"Monoamine oxidase inhibitors, non-selective"
tranylcypromine,"Monoamine oxidase inhibitors, non-selective"
iproniazide,"Monoamine oxidase inhibitors, non-selective"
iproclozide,"Monoamine oxidase inhibitors, non-selective"
moclobemide,Monoamine oxidase A inhibitors
toloxatone,Monoamine oxidase A inhibitors
oxitriptan,Other antidepressants
tryptophan,Other antidepressants
mianserin,Other antidepressants
nomifensine,Other antidepressants
trazodone,Other antidepressants
nefazodone,Other antidepressants
minaprine,Other antidepressants
bifemelane,Other antidepressants
viloxazine,Other antidepressants
oxaflozane,Other antidepressants
mirtazapine,Other antidepressants
bupropion,Other antidepressants
medifoxamine,Other antidepressants
tianeptine,Other antidepressants
pivagabine,Other antidepressants
venlafaxine,Other antidepressants
milnacipran,Other antidepressants
reboxetine,Other antidepressants
gepirone,Other antidepressants
duloxetine,Other antidepressants
agomelatine,Other antidepressants
desvenlafaxine,Other antidepressants
vilazodone,Other antidepressants
hyperici herba,Other antidepressants
vortioxetine,Other antidepressants
amfetamine,Centrally acting sympathomimetics
dexamfetamine,Centrally acting sympathomimetics
metamfetamine,Centrally acting sympathomimetics
methylphenidate,Centrally acting sympathomimetics
pemoline,Centrally acting sympathomimetics
fencamfamin,Centrally acting sympathomimetics
modafinil,Centrally acting sympathomimetics
fenozolone,Centrally acting sympathomimetics
atomoxetine,Centrally acting sympathomimetics
fenetylline,Centrally acting sympathomimetics
dexmethylphenidate,Centrally acting sympathomimetics
lisdexamfetamine,Centrally acting sympathomimetics
armodafinil,Centrally acting sympathomimetics
solriamfetol,Centrally acting sympathomimetics
propentofylline,Xanthine derivatives
meclofenoxate,Other psychostimulants and nootropics
pyritinol,Other psychostimulants and nootropics
piracetam,Other psychostimulants and nootropics
deanol,Other psychostimulants and nootropics
fipexide,Other psychostimulants and nootropics
citicoline,Other psychostimulants and nootropics
oxiracetam,Other psychostimulants and nootropics
pirisudanol,Other psychostimulants and nootropics
linopirdine,Other psychostimulants and nootropics
nizofenone,Other psychostimulants and nootropics
aniracetam,Other psychostimulants and nootropics
acetylcarnitine,Other psychostimulants and nootropics
idebenone,Other psychostimulants and nootropics
prolintane,Other psychostimulants and nootropics
pipradrol,Other psychostimulants and nootropics
pramiracetam,Other psychostimulants and nootropics
adrafinil,Other psychostimulants and nootropics
vinpocetine,Other psychostimulants and nootropics
tetramethylglycoluril,Other psychostimulants and nootropics
phenibut,Other psychostimulants and nootropics
amitriptyline and psycholeptics,Antidepressants in combination with psycholeptics
melitracen and psycholeptics,Antidepressants in combination with psycholeptics
fluoxetine and psycholeptics,Antidepressants in combination with psycholeptics
tacrine,Anticholinesterases
donepezil,Anticholinesterases
rivastigmine,Anticholinesterases
galantamine,Anticholinesterases
ipidacrine,Anticholinesterases
donepezil and memantine,Anticholinesterases
"donepezil, memantine and ginkgo folium",Anticholinesterases
memantine,Other anti-dementia drugs
ginkgo folium,Other anti-dementia drugs
neostigmine,Anticholinesterases
pyridostigmine,Anticholinesterases
distigmine,Anticholinesterases
ambenonium,Anticholinesterases
"neostigmine, combinations",Anticholinesterases
carbachol,Choline esters
bethanechol,Choline esters
pilocarpine,Other parasympathomimetics
choline alfoscerate,Other parasympathomimetics
cevimeline,Other parasympathomimetics
nicotine,Drugs used in nicotine dependence
varenicline,Drugs used in nicotine dependence
cytisine,Drugs used in nicotine dependence
disulfiram,Drugs used in alcohol dependence
calcium carbimide,Drugs used in alcohol dependence
acamprosate,Drugs used in alcohol dependence
naltrexone,Drugs used in alcohol dependence
nalmefene,Drugs used in alcohol dependence
methadone,Drugs used in opioid dependence
levacetylmethadol,Drugs used in opioid dependence
lofexidine,Drugs used in opioid dependence
levomethadone,Drugs used in opioid dependence
diamorphine,Drugs used in opioid dependence
"buprenorphine, combinations",Drugs used in opioid dependence
betahistine,Antivertigo preparations
cinnarizine,Antivertigo preparations
flunarizine,Antivertigo preparations
acetylleucine,Antivertigo preparations
"cinnarizine, combinations",Antivertigo preparations
tirilazad,Other nervous system drugs
riluzole,Other nervous system drugs
xaliproden,Other nervous system drugs
amifampridine,Other nervous system drugs
tetrabenazine,Other nervous system drugs
fampridine,Other nervous system drugs
tafamidis,Other nervous system drugs
laquinimod,Other nervous system drugs
pitolisant,Other nervous system drugs
patisiran,Other nervous system drugs
valbenazine,Other nervous system drugs
edaravone,Other nervous system drugs
inotersen,Other nervous system drugs
"dextromethorphan, combinations",Other nervous system drugs
tilbroquinol,Hydroxyquinoline derivatives
"clioquinol, combinations",Hydroxyquinoline derivatives
nimorazole,Nitroimidazole derivatives
secnidazole,Nitroimidazole derivatives
"metronidazole, combinations",Nitroimidazole derivatives
diloxanide,Dichloroacetamide derivatives
clefamide,Dichloroacetamide derivatives
etofamide,Dichloroacetamide derivatives
teclozan,Dichloroacetamide derivatives
arsthinol,Arsenic compounds
difetarsone,Arsenic compounds
glycobiarsol,Arsenic compounds
"glycobiarsol, combinations",Arsenic compounds
chiniofon,Other agents against amoebiasis and other protozoal diseases
emetine,Other agents against amoebiasis and other protozoal diseases
phanquinone,Other agents against amoebiasis and other protozoal diseases
mepacrine,Other agents against amoebiasis and other protozoal diseases
atovaquone,Other agents against amoebiasis and other protozoal diseases
trimetrexate,Other agents against amoebiasis and other protozoal diseases
tenonitrozole,Other agents against amoebiasis and other protozoal diseases
dehydroemetine,Other agents against amoebiasis and other protozoal diseases
fumagillin,Other agents against amoebiasis and other protozoal diseases
nitazoxanide,Other agents against amoebiasis and other protozoal diseases
"emetine, combinations",Other agents against amoebiasis and other protozoal diseases
chloroquine,Aminoquinolines
hydroxychloroquine,Aminoquinolines
primaquine,Aminoquinolines
amodiaquine,Aminoquinolines
tafenoquine,Aminoquinolines
proguanil,Biguanides
cycloguanil embonate,Biguanides
"proguanil, combinations",Biguanides
quinine,Methanolquinolines
mefloquine,Methanolquinolines
pyrimethamine,Diaminopyrimidines
"pyrimethamine, combinations",Diaminopyrimidines
artemisinin,"Artemisinin and derivatives, plain"
artemether,"Artemisinin and derivatives, plain"
artesunate,"Artemisinin and derivatives, plain"
artemotil,"Artemisinin and derivatives, plain"
artenimol,"Artemisinin and derivatives, plain"
artemether and lumefantrine,"Artemisinin and derivatives, combinations"
artesunate and mefloquine,"Artemisinin and derivatives, combinations"
artesunate and amodiaquine,"Artemisinin and derivatives, combinations"
"artesunate, sulfalene and pyrimethamine","Artemisinin and derivatives, combinations"
artenimol and piperaquine,"Artemisinin and derivatives, combinations"
artesunate and pyronaridine,"Artemisinin and derivatives, combinations"
halofantrine,Other antimalarials
arterolane and piperaquine,Other antimalarials
benznidazole,Nitroimidazole derivatives
fexinidazole,Nitroimidazole derivatives
meglumine antimonate,Antimony compounds
sodium stibogluconate,Antimony compounds
nifurtimox,Nitrofuran derivatives
melarsoprol,Arsenic compounds
pentamidine isethionate,Other agents against leishmaniasis and trypanosomiasis
suramin sodium,Other agents against leishmaniasis and trypanosomiasis
miltefosine,Other agents against leishmaniasis and trypanosomiasis
praziquantel,Quinoline derivatives and related substances
oxamniquine,Quinoline derivatives and related substances
metrifonate,Organophosphorous compounds
niridazole,Other antitrematodal agents
stibophen,Other antitrematodal agents
triclabendazole,Other antitrematodal agents
mebendazole,Benzimidazole derivatives
albendazole,Benzimidazole derivatives
ciclobendazole,Benzimidazole derivatives
flubendazole,Benzimidazole derivatives
fenbendazole,Benzimidazole derivatives
"mebendazole, combinations",Benzimidazole derivatives
piperazine,Piperazine and derivatives
diethylcarbamazine,Piperazine and derivatives
pyrantel,Tetrahydropyrimidine derivatives
oxantel,Tetrahydropyrimidine derivatives
levamisole,Imidazothiazole derivatives
pyrvinium,Other antinematodals
bephenium,Other antinematodals
moxidectin,Other antinematodals
niclosamide,Salicylic acid derivatives
desaspidin,Other anticestodals
dichlorophen,Other anticestodals
dixanthogen,Sulfur containing products
potassium polysulfide,Sulfur containing products
thiram,Sulfur containing products
"disulfiram, combinations",Sulfur containing products
clofenotane,Chlorine containing products
lindane,Chlorine containing products
"clofenotane, combinations",Chlorine containing products
pyrethrum,"Pyrethrines, incl. synthetic compounds"
bioallethrin,"Pyrethrines, incl. synthetic compounds"
phenothrin,"Pyrethrines, incl. synthetic compounds"
permethrin,"Pyrethrines, incl. synthetic compounds"
"pyrethrum, combinations","Pyrethrines, incl. synthetic compounds"
"bioallethrin, combinations","Pyrethrines, incl. synthetic compounds"
"phenothrin, combinations","Pyrethrines, incl. synthetic compounds"
"permethrin, combinations","Pyrethrines, incl. synthetic compounds"
benzyl benzoate,"Other ectoparasiticides, incl. scabicides"
copper oleinate,"Other ectoparasiticides, incl. scabicides"
malathion,"Other ectoparasiticides, incl. scabicides"
quassia,"Other ectoparasiticides, incl. scabicides"
dimeticone,"Other ectoparasiticides, incl. scabicides"
benzyl alcohol,"Other ectoparasiticides, incl. scabicides"
cyfluthrin,Pyrethrines
cypermethrin,Pyrethrines
decamethrin,Pyrethrines
tetramethrin,Pyrethrines
diethyltoluamide,Other insecticides and repellents
dimethylphthalate,Other insecticides and repellents
dibutylphthalate,Other insecticides and repellents
dibutylsuccinate,Other insecticides and repellents
dimethylcarbate,Other insecticides and repellents
etohexadiol,Other insecticides and repellents
cyclopentamine,"Sympathomimetics, plain"
oxymetazoline,"Sympathomimetics, plain"
tetryzoline,"Sympathomimetics, plain"
xylometazoline,"Sympathomimetics, plain"
naphazoline,"Sympathomimetics, plain"
tramazoline,"Sympathomimetics, plain"
metizoline,"Sympathomimetics, plain"
tuaminoheptane,"Sympathomimetics, plain"
fenoxazoline,"Sympathomimetics, plain"
tymazoline,"Sympathomimetics, plain"
indanazoline,"Sympathomimetics, plain"
levocabastine,"Antiallergic agents, excl. corticosteroids"
azelastine,"Antiallergic agents, excl. corticosteroids"
antazoline,"Antiallergic agents, excl. corticosteroids"
spaglumic acid,"Antiallergic agents, excl. corticosteroids"
nedocromil,"Antiallergic agents, excl. corticosteroids"
olopatadine,"Antiallergic agents, excl. corticosteroids"
"cromoglicic acid, combinations","Antiallergic agents, excl. corticosteroids"
flunisolide,Corticosteroids
fluticasone furoate,Corticosteroids
ciclesonide,Corticosteroids
"dexamethasone, combinations",Corticosteroids
"tixocortol, combinations",Corticosteroids
"fluticasone, combinations",Corticosteroids
"mometasone, combinations",Corticosteroids
"hydrocortisone, combinations",Corticosteroids
calcium hexamine thiocyanate,Other nasal preparations
ipratropium bromide,Other nasal preparations
ritiometan,Other nasal preparations
phenylpropanolamine,Sympathomimetics
pseudoephedrine,Sympathomimetics
"phenylpropanolamine, combinations",Sympathomimetics
"pseudoephedrine, combinations",Sympathomimetics
"phenylephrine, combinations",Sympathomimetics
ambazone,Antiseptics
dichlorobenzyl alcohol,Antiseptics
benzethonium,Antiseptics
myristyl-benzalkonium,Antiseptics
hexylresorcinol,Antiseptics
acriflavinium chloride,Antiseptics
octenidine,Antiseptics
fusafungine,Antibiotics
gramicidin,Antibiotics
orciprenaline,Non-selective beta-adrenoreceptor agonists
salbutamol,Selective beta-2-adrenoreceptor agonists
terbutaline,Selective beta-2-adrenoreceptor agonists
rimiterol,Selective beta-2-adrenoreceptor agonists
hexoprenaline,Selective beta-2-adrenoreceptor agonists
isoetarine,Selective beta-2-adrenoreceptor agonists
pirbuterol,Selective beta-2-adrenoreceptor agonists
tretoquinol,Selective beta-2-adrenoreceptor agonists
carbuterol,Selective beta-2-adrenoreceptor agonists
tulobuterol,Selective beta-2-adrenoreceptor agonists
salmeterol,Selective beta-2-adrenoreceptor agonists
formoterol,Selective beta-2-adrenoreceptor agonists
clenbuterol,Selective beta-2-adrenoreceptor agonists
reproterol,Selective beta-2-adrenoreceptor agonists
procaterol,Selective beta-2-adrenoreceptor agonists
bitolterol,Selective beta-2-adrenoreceptor agonists
indacaterol,Selective beta-2-adrenoreceptor agonists
olodaterol,Selective beta-2-adrenoreceptor agonists
epinephrine and other drugs for obstructive airway diseases,"Adrenergics in combination with corticosteroids or other drugs, excl. anticholinergics"
isoprenaline and other drugs for obstructive airway diseases,"Adrenergics in combination with corticosteroids or other drugs, excl. anticholinergics"
salbutamol and sodium cromoglicate,"Adrenergics in combination with corticosteroids or other drugs, excl. anticholinergics"
reproterol and sodium cromoglicate,"Adrenergics in combination with corticosteroids or other drugs, excl. anticholinergics"
salmeterol and fluticasone,"Adrenergics in combination with corticosteroids or other drugs, excl. anticholinergics"
formoterol and budesonide,"Adrenergics in combination with corticosteroids or other drugs, excl. anticholinergics"
formoterol and beclometasone,"Adrenergics in combination with corticosteroids or other drugs, excl. anticholinergics"
formoterol and mometasone,"Adrenergics in combination with corticosteroids or other drugs, excl. anticholinergics"
vilanterol and fluticasone furoate,"Adrenergics in combination with corticosteroids or other drugs, excl. anticholinergics"
formoterol and fluticasone,"Adrenergics in combination with corticosteroids or other drugs, excl. anticholinergics"
salmeterol and budesonide,"Adrenergics in combination with corticosteroids or other drugs, excl. anticholinergics"
salbutamol and beclometasone,"Adrenergics in combination with corticosteroids or other drugs, excl. anticholinergics"
indacaterol and mometasone,"Adrenergics in combination with corticosteroids or other drugs, excl. anticholinergics"
fenoterol and ipratropium bromide,Adrenergics in combination with anticholinergics incl. triple combinations with corticosteroids
salbutamol and ipratropium bromide,Adrenergics in combination with anticholinergics incl. triple combinations with corticosteroids
vilanterol and umeclidinium bromide,Adrenergics in combination with anticholinergics incl. triple combinations with corticosteroids
indacaterol and glycopyrronium bromide,Adrenergics in combination with anticholinergics incl. triple combinations with corticosteroids
formoterol and aclidinium bromide,Adrenergics in combination with anticholinergics incl. triple combinations with corticosteroids
olodaterol and tiotropium bromide,Adrenergics in combination with anticholinergics incl. triple combinations with corticosteroids
formoterol and glycopyrronium bromide,Adrenergics in combination with anticholinergics incl. triple combinations with corticosteroids
"vilanterol, umeclidinium bromide and fluticasone furoate",Adrenergics in combination with anticholinergics incl. triple combinations with corticosteroids
"formoterol, glycopyrronium bromide and beclometasone",Adrenergics in combination with anticholinergics incl. triple combinations with corticosteroids
formoterol and tiotropium bromide,Adrenergics in combination with anticholinergics incl. triple combinations with corticosteroids
"formoterol, glycopyrronium bromide and budesonide",Adrenergics in combination with anticholinergics incl. triple combinations with corticosteroids
"indacaterol, glycopyrronium bromide and mometasone",Adrenergics in combination with anticholinergics incl. triple combinations with corticosteroids
oxitropium bromide,Anticholinergics
stramoni preparations,Anticholinergics
tiotropium bromide,Anticholinergics
aclidinium bromide,Anticholinergics
umeclidinium bromide,Anticholinergics
revefenacin,Anticholinergics
"tiotropium bromide, combinations",Anticholinergics
fenspiride,"Other drugs for obstructive airway diseases, inhalants"
methoxyphenamine,Non-selective beta-adrenoreceptor agonists
"isoprenaline, combinations",Non-selective beta-adrenoreceptor agonists
"orciprenaline, combinations",Non-selective beta-adrenoreceptor agonists
bambuterol,Selective beta-2-adrenoreceptor agonists
"terbutaline, combinations",Selective beta-2-adrenoreceptor agonists
clenbuterol and ambroxol,Selective beta-2-adrenoreceptor agonists
diprophylline,Xanthines
choline theophyllinate,Xanthines
proxyphylline,Xanthines
theophylline,Xanthines
aminophylline,Xanthines
etamiphylline,Xanthines
bamifylline,Xanthines
acefylline piperazine,Xanthines
bufylline,Xanthines
doxofylline,Xanthines
mepyramine theophyllinacetate,Xanthines
combinations of xanthines,Xanthines
"diprophylline, combinations",Xanthines
"theophylline, combinations excl. psycholeptics",Xanthines
"aminophylline, combinations",Xanthines
"theobromine, combinations",Xanthines
"theophylline, combinations with psycholeptics",Xanthines
diprophylline and adrenergics,Xanthines and adrenergics
choline theophyllinate and adrenergics,Xanthines and adrenergics
proxyphylline and adrenergics,Xanthines and adrenergics
theophylline and adrenergics,Xanthines and adrenergics
aminophylline and adrenergics,Xanthines and adrenergics
etamiphylline and adrenergics,Xanthines and adrenergics
zafirlukast,Leukotriene receptor antagonists
pranlukast,Leukotriene receptor antagonists
montelukast,Leukotriene receptor antagonists
ibudilast,Leukotriene receptor antagonists
"montelukast, combinations",Leukotriene receptor antagonists
eprozinol,Other systemic drugs for obstructive airway diseases
omalizumab,Other systemic drugs for obstructive airway diseases
seratrodast,Other systemic drugs for obstructive airway diseases
roflumilast,Other systemic drugs for obstructive airway diseases
reslizumab,Other systemic drugs for obstructive airway diseases
mepolizumab,Other systemic drugs for obstructive airway diseases
benralizumab,Other systemic drugs for obstructive airway diseases
tyloxapol,Expectorants
potassium iodide,Expectorants
guaifenesin,Expectorants
ipecacuanha,Expectorants
althea root,Expectorants
senega,Expectorants
antimony pentasulfide,Expectorants
creosote,Expectorants
guaiacolsulfonate,Expectorants
levoverbenone,Expectorants
hederae helicis folium,Expectorants
cineole,Expectorants
acetylcysteine,Mucolytics
bromhexine,Mucolytics
carbocisteine,Mucolytics
eprazinone,Mucolytics
mesna,Mucolytics
ambroxol,Mucolytics
sobrerol,Mucolytics
domiodol,Mucolytics
letosteine,Mucolytics
stepronin,Mucolytics
dornase alfa (desoxyribonuclease),Mucolytics
neltenexine,Mucolytics
erdosteine,Mucolytics
ethylmorphine,Opium alkaloids and derivatives
hydrocodone,Opium alkaloids and derivatives
codeine,Opium alkaloids and derivatives
opium alkaloids with morphine,Opium alkaloids and derivatives
normethadone,Opium alkaloids and derivatives
noscapine,Opium alkaloids and derivatives
pholcodine,Opium alkaloids and derivatives
dextromethorphan,Opium alkaloids and derivatives
thebacon,Opium alkaloids and derivatives
dimemorfan,Opium alkaloids and derivatives
acetyldihydrocodeine,Opium alkaloids and derivatives
benzonatate,Other cough suppressants
benproperine,Other cough suppressants
clobutinol,Other cough suppressants
isoaminile,Other cough suppressants
pentoxyverine,Other cough suppressants
oxolamine,Other cough suppressants
oxeladin,Other cough suppressants
clofedanol,Other cough suppressants
pipazetate,Other cough suppressants
bibenzonium bromide,Other cough suppressants
butamirate,Other cough suppressants
fedrilate,Other cough suppressants
zipeprol,Other cough suppressants
dibunate,Other cough suppressants
droxypropine,Other cough suppressants
prenoxdiazine,Other cough suppressants
dropropizine,Other cough suppressants
cloperastine,Other cough suppressants
meprotixol,Other cough suppressants
piperidione,Other cough suppressants
tipepidine,Other cough suppressants
morclofone,Other cough suppressants
nepinalone,Other cough suppressants
levodropropizine,Other cough suppressants
dimethoxanate,Other cough suppressants
opium derivatives and mucolytics,Opium derivatives and expectorants
opium derivatives and expectorants,Opium derivatives and expectorants
cough suppressants and mucolytics,Other cough suppressants and expectorants
cough suppressants and expectorants,Other cough suppressants and expectorants
bromazine,Aminoalkyl ethers
diphenylpyraline,Aminoalkyl ethers
carbinoxamine,Aminoalkyl ethers
doxylamine,Aminoalkyl ethers
trimethobenzamide,Aminoalkyl ethers
"diphenhydramine, combinations",Aminoalkyl ethers
"clemastine, combinations",Aminoalkyl ethers
"chlorphenoxamine, combinations",Aminoalkyl ethers
"diphenylpyraline, combinations",Aminoalkyl ethers
"doxylamine, combinations",Aminoalkyl ethers
brompheniramine,Substituted alkylamines
dexchlorpheniramine,Substituted alkylamines
chlorphenamine,Substituted alkylamines
dexbrompheniramine,Substituted alkylamines
talastine,Substituted alkylamines
"brompheniramine, combinations",Substituted alkylamines
"dexchlorpheniramine, combinations",Substituted alkylamines
"chlorphenamine, combinations",Substituted alkylamines
"dexbrompheniramine, combinations",Substituted alkylamines
histapyrrodine,Substituted ethylene diamines
methapyrilene,Substituted ethylene diamines
"histapyrrodine, combinations",Substituted ethylene diamines
"chloropyramine, combinations",Substituted ethylene diamines
alimemazine,Phenothiazine derivatives
thiethylperazine,Phenothiazine derivatives
methdilazine,Phenothiazine derivatives
hydroxyethylpromethazine,Phenothiazine derivatives
thiazinam,Phenothiazine derivatives
mequitazine,Phenothiazine derivatives
oxomemazine,Phenothiazine derivatives
"promethazine, combinations",Phenothiazine derivatives
"hydroxyethylpromethazine, combinations",Phenothiazine derivatives
buclizine,Piperazine derivatives
cyclizine,Piperazine derivatives
chlorcyclizine,Piperazine derivatives
meclozine,Piperazine derivatives
oxatomide,Piperazine derivatives
cetirizine,Piperazine derivatives
levocetirizine,Piperazine derivatives
"buclizine, combinations",Piperazine derivatives
"cyclizine, combinations",Piperazine derivatives
"meclozine, combinations",Piperazine derivatives
cyproheptadine,Other antihistamines for systemic use
phenindamine,Other antihistamines for systemic use
triprolidine,Other antihistamines for systemic use
pyrrobutamine,Other antihistamines for systemic use
azatadine,Other antihistamines for systemic use
astemizole,Other antihistamines for systemic use
terfenadine,Other antihistamines for systemic use
loratadine,Other antihistamines for systemic use
mebhydrolin,Other antihistamines for systemic use
deptropine,Other antihistamines for systemic use
ketotifen,Other antihistamines for systemic use
acrivastine,Other antihistamines for systemic use
tritoqualine,Other antihistamines for systemic use
ebastine,Other antihistamines for systemic use
pimethixene,Other antihistamines for systemic use
epinastine,Other antihistamines for systemic use
mizolastine,Other antihistamines for systemic use
fexofenadine,Other antihistamines for systemic use
desloratadine,Other antihistamines for systemic use
rupatadine,Other antihistamines for systemic use
bilastine,Other antihistamines for systemic use
quifenadine,Other antihistamines for systemic use
sequifenadine,Other antihistamines for systemic use
"thenalidine, combinations",Other antihistamines for systemic use
"pyrrobutamine, combinations",Other antihistamines for systemic use
colfosceril palmitate,Lung surfactants
natural phospholipids,Lung surfactants
doxapram,Respiratory stimulants
nikethamide,Respiratory stimulants
pentetrazol,Respiratory stimulants
etamivan,Respiratory stimulants
bemegride,Respiratory stimulants
prethcamide,Respiratory stimulants
almitrine,Respiratory stimulants
dimefline,Respiratory stimulants
mepixanox,Respiratory stimulants
"nikethamide, combinations",Respiratory stimulants
"pentetrazol, combinations",Respiratory stimulants
nitric oxide,Other respiratory system products
ivacaftor,Other respiratory system products
ivacaftor and lumacaftor,Other respiratory system products
ivacaftor and tezacaftor,Other respiratory system products
"ivacaftor, tezacaftor and elexacaftor",Other respiratory system products
dihydrostreptomycin,Antibiotics
antibiotics in combination with other drugs,Antibiotics
micronomicin,Antibiotics
azidamfenicol,Antibiotics
combinations of different antibiotics,Antibiotics
sulfadicramide,Sulfonamides
sulfafenazol,Sulfonamides
trifluridine,Antivirals
interferon,Antivirals
fomivirsen,Antivirals
besifloxacin,Fluoroquinolones
mercury compounds,Other antiinfectives
silver compounds,Other antiinfectives
zinc compounds,Other antiinfectives
bibrocathol,Other antiinfectives
sodium borate,Other antiinfectives
sodium propionate,Other antiinfectives
picloxydine,Other antiinfectives
medrysone,"Corticosteroids, plain"
formocortal,"Corticosteroids, plain"
loteprednol,"Corticosteroids, plain"
hydrocortisone and mydriatics,Corticosteroids and mydriatics in combination
prednisolone and mydriatics,Corticosteroids and mydriatics in combination
fluorometholone and mydriatics,Corticosteroids and mydriatics in combination
betamethasone and mydriatics,Corticosteroids and mydriatics in combination
pranoprofen,"Antiinflammatory agents, non-steroids"
nepafenac,"Antiinflammatory agents, non-steroids"
bromfenac,"Antiinflammatory agents, non-steroids"
dexamethasone and antiinfectives,Corticosteroids and antiinfectives in combination
prednisolone and antiinfectives,Corticosteroids and antiinfectives in combination
hydrocortisone and antiinfectives,Corticosteroids and antiinfectives in combination
fluocortolone and antiinfectives,Corticosteroids and antiinfectives in combination
betamethasone and antiinfectives,Corticosteroids and antiinfectives in combination
fludrocortisone and antiinfectives,Corticosteroids and antiinfectives in combination
fluorometholone and antiinfectives,Corticosteroids and antiinfectives in combination
methylprednisolone and antiinfectives,Corticosteroids and antiinfectives in combination
chloroprednisone and antiinfectives,Corticosteroids and antiinfectives in combination
fluocinolone acetonide and antiinfectives,Corticosteroids and antiinfectives in combination
clobetasone and antiinfectives,Corticosteroids and antiinfectives in combination
diclofenac and antiinfectives,"Antiinflammatory agents, non-steroids and antiinfectives in combination"
indometacin and antiinfectives,"Antiinflammatory agents, non-steroids and antiinfectives in combination"
dipivefrine,Sympathomimetics in glaucoma therapy
apraclonidine,Sympathomimetics in glaucoma therapy
"epinephrine, combinations",Sympathomimetics in glaucoma therapy
ecothiopate,Parasympathomimetics
demecarium,Parasympathomimetics
physostigmine,Parasympathomimetics
fluostigmine,Parasympathomimetics
aceclidine,Parasympathomimetics
acetylcholine,Parasympathomimetics
paraoxon,Parasympathomimetics
"pilocarpine, combinations",Parasympathomimetics
"aceclidine, combinations",Parasympathomimetics
acetazolamide,Carbonic anhydrase inhibitors
diclofenamide,Carbonic anhydrase inhibitors
dorzolamide,Carbonic anhydrase inhibitors
brinzolamide,Carbonic anhydrase inhibitors
methazolamide,Carbonic anhydrase inhibitors
"brinzolamide, combinations",Carbonic anhydrase inhibitors
levobunolol,Beta blocking agents
metipranolol,Beta blocking agents
befunolol,Beta blocking agents
"timolol, combinations",Beta blocking agents
"betaxolol, combinations",Beta blocking agents
"metipranolol, combinations",Beta blocking agents
"carteolol, combinations",Beta blocking agents
latanoprost,Prostaglandin analogues
unoprostone,Prostaglandin analogues
bimatoprost,Prostaglandin analogues
travoprost,Prostaglandin analogues
tafluprost,Prostaglandin analogues
latanoprostene bunod,Prostaglandin analogues
latanoprost and netarsudil,Prostaglandin analogues
dapiprazole,Other antiglaucoma preparations
netarsudil,Other antiglaucoma preparations
omidenepag,Other antiglaucoma preparations
cyclopentolate,Anticholinergics
homatropine,Anticholinergics
tropicamide,Anticholinergics
"cyclopentolate, combinations",Anticholinergics
"tropicamide, combinations",Anticholinergics
phenylephrine and ketorolac,Sympathomimetics excl. antiglaucoma preparations
"naphazoline, combinations",Sympathomimetics used as decongestants
"tetryzoline, combinations",Sympathomimetics used as decongestants
"xylometazoline, combinations",Sympathomimetics used as decongestants
"oxedrine, combinations",Sympathomimetics used as decongestants
lodoxamide,Other antiallergics
emedastine,Other antiallergics
alcaftadine,Other antiallergics
proxymetacaine,Local anesthetics
fluorescein,Colouring agents
rose bengal sodium,Colouring agents
"fluorescein, combinations",Colouring agents
hypromellose,Viscoelastic substances
"hyaluronic acid, combinations",Viscoelastic substances
verteporfin,Antineovascularisation agents
anecortave,Antineovascularisation agents
pegaptanib,Antineovascularisation agents
ranibizumab,Antineovascularisation agents
brolucizumab,Antineovascularisation agents
abicipar pegol,Antineovascularisation agents
guaiazulen,Other ophthalmologicals
"sodium chloride, hypertonic",Other ophthalmologicals
sodium edetate,Other ophthalmologicals
alum,Other ophthalmologicals
iodoheparinate,Other ophthalmologicals
"limbal stem cells, autologous",Other ophthalmologicals
artificial tears and other indifferent preparations,Other ophthalmologicals
ocriplasmin,Other ophthalmologicals
cenegermin,Other ophthalmologicals
lifitegrast,Other ophthalmologicals
riboflavin,Other ophthalmologicals
voretigene neparvovec,Other ophthalmologicals
boric acid,Antiinfectives
aluminium acetotartrate,Antiinfectives
"antiinfectives, combinations",Antiinfectives
flumetasone and antiinfectives,Corticosteroids and antiinfectives in combination
triamcinolone and antiinfectives,Corticosteroids and antiinfectives in combination
feather,Allergen extracts
grass pollen,Allergen extracts
house dust mites,Allergen extracts
mould fungus and yeast fungus,Allergen extracts
tree pollen,Allergen extracts
insects,Allergen extracts
food,Allergen extracts
textiles,Allergen extracts
flowers,Allergen extracts
animals,Allergen extracts
nalorphine,Antidotes
edetates,Antidotes
pralidoxime,Antidotes
prednisolone and promethazine,Antidotes
thiosulfate,Antidotes
sodium nitrite,Antidotes
dimercaprol,Antidotes
obidoxime,Antidotes
protamine,Antidotes
methylthioninium chloride,Antidotes
copper sulfate,Antidotes
amyl nitrite,Antidotes
digitalis antitoxin,Antidotes
flumazenil,Antidotes
methionine,Antidotes
4-dimethylaminophenol,Antidotes
cholinesterase,Antidotes
prussian blue,Antidotes
glutathione,Antidotes
fomepizole,Antidotes
sugammadex,Antidotes
idarucizumab,Antidotes
andexanet alfa,Antidotes
deferoxamine,Iron chelating agents
deferiprone,Iron chelating agents
deferasirox,Iron chelating agents
polystyrene sulfonate,Drugs for treatment of hyperkalemia and hyperphosphatemia
sevelamer,Drugs for treatment of hyperkalemia and hyperphosphatemia
lanthanum carbonate,Drugs for treatment of hyperkalemia and hyperphosphatemia
calcium acetate and magnesium carbonate,Drugs for treatment of hyperkalemia and hyperphosphatemia
sucroferric oxyhydroxide,Drugs for treatment of hyperkalemia and hyperphosphatemia
colestilan,Drugs for treatment of hyperkalemia and hyperphosphatemia
calcium acetate,Drugs for treatment of hyperkalemia and hyperphosphatemia
ferric citrate,Drugs for treatment of hyperkalemia and hyperphosphatemia
patiromer calcium,Drugs for treatment of hyperkalemia and hyperphosphatemia
sodium zirconium cyclosilicate,Drugs for treatment of hyperkalemia and hyperphosphatemia
dexrazoxane,Detoxifying agents for antineoplastic treatment
calcium folinate,Detoxifying agents for antineoplastic treatment
calcium levofolinate,Detoxifying agents for antineoplastic treatment
amifostine,Detoxifying agents for antineoplastic treatment
sodium folinate,Detoxifying agents for antineoplastic treatment
rasburicase,Detoxifying agents for antineoplastic treatment
palifermin,Detoxifying agents for antineoplastic treatment
glucarpidase,Detoxifying agents for antineoplastic treatment
sodium levofolinate,Detoxifying agents for antineoplastic treatment
arginine and lysine,Detoxifying agents for antineoplastic treatment
sodium cellulose phosphate,Drugs for treatment of hypercalcemia
oxygen,Medical gases
carbon dioxide,Medical gases
helium,Medical gases
nitrogen,Medical gases
medical air,Medical gases
nalfurafine,Other therapeutic products
cobicistat,Other therapeutic products
vitamin a concentrates,Tests for fat absorption
sincalide,Tests for bile duct patency
ceruletide,Tests for bile duct patency
metyrapone,Tests for pituitary function
corticorelin,Tests for pituitary function
somatorelin,Tests for pituitary function
macimorelin,Tests for pituitary function
galactose,Tests for liver functional capacity
sulfobromophthalein,Tests for liver functional capacity
methacetin (13c),Tests for liver functional capacity
tuberculin,Tuberculosis diagnostics
cation exchange resins,Tests for gastric secretion
betazole,Tests for gastric secretion
histamine phosphate,Tests for gastric secretion
pentagastrin,Tests for gastric secretion
caffeine and sodium benzoate,Tests for gastric secretion
inulin and other polyfructosans,Tests for renal function and ureteral injuries
indigo carmine,Tests for renal function and ureteral injuries
phenolsulfonphthalein,Tests for renal function and ureteral injuries
alsactide,Tests for renal function and ureteral injuries
aminohippuric acid,Tests for renal function and ureteral injuries
thyrotropin,Tests for thyreoidea function
protirelin,Tests for thyreoidea function
secretin,Tests for pancreatic function
pancreozymin (cholecystokinin),Tests for pancreatic function
bentiromide,Tests for pancreatic function
indocyanine green,Other diagnostic agents
methacholine,Other diagnostic agents
13c-urea,Other diagnostic agents
hexaminolevulinate,Other diagnostic agents
edrophonium,Other diagnostic agents
carbon monoxide,Other diagnostic agents
patent blue,Other diagnostic agents
fructose,Carbohydrates
diatrizoic acid,"Watersoluble, nephrotropic, high osmolar X-ray contrast media"
metrizoic acid,"Watersoluble, nephrotropic, high osmolar X-ray contrast media"
iodamide,"Watersoluble, nephrotropic, high osmolar X-ray contrast media"
iotalamic acid,"Watersoluble, nephrotropic, high osmolar X-ray contrast media"
ioxitalamic acid,"Watersoluble, nephrotropic, high osmolar X-ray contrast media"
ioglicic acid,"Watersoluble, nephrotropic, high osmolar X-ray contrast media"
acetrizoic acid,"Watersoluble, nephrotropic, high osmolar X-ray contrast media"
iocarmic acid,"Watersoluble, nephrotropic, high osmolar X-ray contrast media"
methiodal,"Watersoluble, nephrotropic, high osmolar X-ray contrast media"
diodone,"Watersoluble, nephrotropic, high osmolar X-ray contrast media"
metrizamide,"Watersoluble, nephrotropic, low osmolar X-ray contrast media"
iohexol,"Watersoluble, nephrotropic, low osmolar X-ray contrast media"
ioxaglic acid,"Watersoluble, nephrotropic, low osmolar X-ray contrast media"
iopamidol,"Watersoluble, nephrotropic, low osmolar X-ray contrast media"
iopromide,"Watersoluble, nephrotropic, low osmolar X-ray contrast media"
iotrolan,"Watersoluble, nephrotropic, low osmolar X-ray contrast media"
ioversol,"Watersoluble, nephrotropic, low osmolar X-ray contrast media"
iopentol,"Watersoluble, nephrotropic, low osmolar X-ray contrast media"
iodixanol,"Watersoluble, nephrotropic, low osmolar X-ray contrast media"
iomeprol,"Watersoluble, nephrotropic, low osmolar X-ray contrast media"
iobitridol,"Watersoluble, nephrotropic, low osmolar X-ray contrast media"
ioxilan,"Watersoluble, nephrotropic, low osmolar X-ray contrast media"
iodoxamic acid,"Watersoluble, hepatotropic X-ray contrast media"
iotroxic acid,"Watersoluble, hepatotropic X-ray contrast media"
ioglycamic acid,"Watersoluble, hepatotropic X-ray contrast media"
adipiodone,"Watersoluble, hepatotropic X-ray contrast media"
iobenzamic acid,"Watersoluble, hepatotropic X-ray contrast media"
iopanoic acid,"Watersoluble, hepatotropic X-ray contrast media"
iocetamic acid,"Watersoluble, hepatotropic X-ray contrast media"
sodium iopodate,"Watersoluble, hepatotropic X-ray contrast media"
tyropanoic acid,"Watersoluble, hepatotropic X-ray contrast media"
calcium iopodate,"Watersoluble, hepatotropic X-ray contrast media"
ethyl esters of iodised fatty acids,Non-watersoluble X-ray contrast media
iopydol,Non-watersoluble X-ray contrast media
propyliodone,Non-watersoluble X-ray contrast media
iofendylate,Non-watersoluble X-ray contrast media
barium sulfate with suspending agents,Barium sulfate containing X-ray contrast media
barium sulfate without suspending agents,Barium sulfate containing X-ray contrast media
gadopentetic acid,Paramagnetic contrast media
gadoteric acid,Paramagnetic contrast media
gadodiamide,Paramagnetic contrast media
gadoteridol,Paramagnetic contrast media
mangafodipir,Paramagnetic contrast media
gadoversetamide,Paramagnetic contrast media
ferric ammonium citrate,Paramagnetic contrast media
gadobenic acid,Paramagnetic contrast media
gadobutrol,Paramagnetic contrast media
gadoxetic acid,Paramagnetic contrast media
gadofosveset,Paramagnetic contrast media
ferumoxsil,Superparamagnetic contrast media
ferristene,Superparamagnetic contrast media
"iron oxide, nanoparticles",Superparamagnetic contrast media
perflubron,Other magnetic resonance imaging contrast media
"perflutren, human albumin microspheres",Ultrasound contrast media
microparticles of galactose,Ultrasound contrast media
perflenapent,Ultrasound contrast media
"perflutren, phospholipid microspheres",Ultrasound contrast media
"sulfur hexafluoride, phospholipid microspheres",Ultrasound contrast media
"perflubutane, phospholipid microspheres",Ultrasound contrast media
technetium (99mtc) exametazime,Technetium (99mTc) compounds
technetium (99mtc) bicisate,Technetium (99mTc) compounds
iodine iofetamine (123i),Iodine (123I) compounds
iodine iolopride (123i),Iodine (123I) compounds
iodine ioflupane (123i),Iodine (123I) compounds
indium (111in) pentetic acid,Other central nervous system diagnostic radiopharmaceuticals
iodine (124i) 2beta-carbomethoxy-3beta-(4 iodophenyl)-tropane,Other central nervous system diagnostic radiopharmaceuticals
flutemetamol (18f),Other central nervous system diagnostic radiopharmaceuticals
florbetapir (18f),Other central nervous system diagnostic radiopharmaceuticals
florbetaben (18f),Other central nervous system diagnostic radiopharmaceuticals
technetium (99mtc) oxidronic acid,Technetium (99mTc) compounds
technetium (99mtc) medronic acid,Technetium (99mTc) compounds
technetium (99mtc) pyrophosphate,Technetium (99mTc) compounds
technetium (99mtc) butedronic acid,Technetium (99mTc) compounds
technetium (99mtc) pentetic acid,Technetium (99mTc) compounds
technetium (99mtc) succimer,Technetium (99mTc) compounds
technetium (99mtc) mertiatide,Technetium (99mTc) compounds
technetium (99mtc) gluceptate,Technetium (99mTc) compounds
technetium (99mtc) gluconate,Technetium (99mTc) compounds
technetium (99mtc) ethylenedicysteine,Technetium (99mTc) compounds
sodium iodohippurate (123i),Other renal system diagnostic radiopharmaceuticals
sodium iodohippurate (131i),Other renal system diagnostic radiopharmaceuticals
sodium iothalamate (125i),Other renal system diagnostic radiopharmaceuticals
chromium (51cr) edetate,Other renal system diagnostic radiopharmaceuticals
technetium (99mtc) disofenin,Technetium (99mTc) compounds
technetium (99mtc) etifenin,Technetium (99mTc) compounds
technetium (99mtc) lidofenin,Technetium (99mTc) compounds
technetium (99mtc) mebrofenin,Technetium (99mTc) compounds
technetium (99mtc) galtifenin,Technetium (99mTc) compounds
technetium (99mtc) nanocolloid,"Technetium (99mTc), particles and colloids"
technetium (99mtc) microcolloid,"Technetium (99mTc), particles and colloids"
technetium (99mtc) millimicrospheres,"Technetium (99mTc), particles and colloids"
technetium (99mtc) tin colloid,"Technetium (99mTc), particles and colloids"
technetium (99mtc) sulfur colloid,"Technetium (99mTc), particles and colloids"
technetium (99mtc) rheniumsulfide colloid,"Technetium (99mTc), particles and colloids"
technetium (99mtc) phytate,"Technetium (99mTc), particles and colloids"
selenium (75se) tauroselcholic acid,Other hepatic and reticulo endothelial system diagnostic radiopharmaceuticals
technetium (99mtc) technegas,"Technetium (99mTc), inhalants"
technetium (99mtc) macrosalb,"Technetium (99mTc), particles for injection"
technetium (99mtc) microspheres,"Technetium (99mTc), particles for injection"
krypton (81mkr) gas,Other respiratory system diagnostic radiopharmaceuticals
xenon (127xe) gas,Other respiratory system diagnostic radiopharmaceuticals
xenon (133xe) gas,Other respiratory system diagnostic radiopharmaceuticals
technetium (99mtc) pertechnetate,Various thyroid diagnostic radiopharmaceuticals
sodium iodide (123i),Various thyroid diagnostic radiopharmaceuticals
sodium iodide (131i),Various thyroid diagnostic radiopharmaceuticals
sodium iodide (124i),Various thyroid diagnostic radiopharmaceuticals
technetium (99mtc) sestamibi,Technetium (99mTc) compounds
technetium (99mtc) tetrofosmin,Technetium (99mTc) compounds
technetium (99mtc) teboroxime,Technetium (99mTc) compounds
technetium (99mtc) human albumin,Technetium (99mTc) compounds
technetium (99mtc) furifosmin,Technetium (99mTc) compounds
technetium (99mtc) stannous agent labelled cells,Technetium (99mTc) compounds
technetium (99mtc) apcitide,Technetium (99mTc) compounds
fibrinogen (125i),Iodine (125I) compounds
iodine (125i) human albumin,Iodine (125I) compounds
thallium (201tl) chloride,Other cardiovascular system diagnostic radiopharmaceuticals
indium (111in) imciromab,Other cardiovascular system diagnostic radiopharmaceuticals
chromium (51cr) chromate labelled cells,Other cardiovascular system diagnostic radiopharmaceuticals
rubidium (82rb) chloride,Other cardiovascular system diagnostic radiopharmaceuticals
technetium (99mtc) human immunoglobulin,Technetium (99mTc) compounds
technetium (99mtc) exametazime labelled cells,Technetium (99mTc) compounds
technetium (99mtc) antigranulocyte antibody,Technetium (99mTc) compounds
technetium (99mtc) sulesomab,Technetium (99mTc) compounds
indium (111in) oxinate labelled cells,Indium (111In) compounds
indium (111in) tropolonate labelled cells,Indium (111In) compounds
gallium (67ga) citrate,Other diagnostic radiopharmaceuticals for inflammation and infection detection
technetium (99mtc) anticarcinoembryonicantigen antibody,Technetium (99mTc) compounds
technetium (99mtc) antimelanoma antibody,Technetium (99mTc) compounds
technetium (99mtc) pentavalent succimer,Technetium (99mTc) compounds
technetium (99mtc) votumumab,Technetium (99mTc) compounds
technetium (99mtc) depreotide,Technetium (99mTc) compounds
technetium (99mtc) arcitumomab,Technetium (99mTc) compounds
technetium (99mtc) hynic-octreotide,Technetium (99mTc) compounds
technetium (99mtc) etarfolatide,Technetium (99mTc) compounds
technetium (99mtc) tilmanocept,Technetium (99mTc) compounds
indium (111in) pentetreotide,Indium (111In) compounds
indium (111in) satumomab pendetide,Indium (111In) compounds
indium (111in) antiovariumcarcinoma antibody,Indium (111In) compounds
indium (111in) capromab pendetide,Indium (111In) compounds
iobenguane (123i),Other diagnostic radiopharmaceuticals for tumour detection
iobenguane (131i),Other diagnostic radiopharmaceuticals for tumour detection
iodine (125i) cc49-monoclonal antibody,Other diagnostic radiopharmaceuticals for tumour detection
fludeoxyglucose (18f),Other diagnostic radiopharmaceuticals for tumour detection
fluorodopa (18f),Other diagnostic radiopharmaceuticals for tumour detection
sodium fluoride (18f),Other diagnostic radiopharmaceuticals for tumour detection
fluorocholine(18f),Other diagnostic radiopharmaceuticals for tumour detection
fluoroethylcholine (18f),Other diagnostic radiopharmaceuticals for tumour detection
gallium (68ga) edotreotide,Other diagnostic radiopharmaceuticals for tumour detection
fluoroethyl-l-tyrosine (18f),Other diagnostic radiopharmaceuticals for tumour detection
fluoroestradiol (18f),Other diagnostic radiopharmaceuticals for tumour detection
fluciclovine (18f),Other diagnostic radiopharmaceuticals for tumour detection
methionine (11c),Other diagnostic radiopharmaceuticals for tumour detection
iodine (131i) norcholesterol,Iodine (131I) compounds
iodocholesterol (131i),Iodine (131I) compounds
iodine (131i) human albumin,Iodine (131I) compounds
cobalt (57co) cyanocobalamine,Various diagnostic radiopharmaceuticals
cobalt (58co) cyanocobalamine,Various diagnostic radiopharmaceuticals
selenium (75se) norcholesterol,Various diagnostic radiopharmaceuticals
ferric (59fe) citrate,Various diagnostic radiopharmaceuticals
yttrium (90y) citrate colloid,Yttrium (90Y) compounds
yttrium (90y) ferrihydroxide colloid,Yttrium (90Y) compounds
yttrium (90y) silicate colloid,Yttrium (90Y) compounds
phosphorous (32p) chromicphosphate colloid,Other antiinflammatory therapeutic radiopharmaceuticals
samarium (153sm) hydroxyapatite colloid,Other antiinflammatory therapeutic radiopharmaceuticals
dysprosium (165dy) colloid,Other antiinflammatory therapeutic radiopharmaceuticals
erbium (169er) citrate colloid,Other antiinflammatory therapeutic radiopharmaceuticals
rhenium (186re) sulfide colloid,Other antiinflammatory therapeutic radiopharmaceuticals
gold (198au) colloidal,Other antiinflammatory therapeutic radiopharmaceuticals
strontium (89sr) chloride,Various pain palliation radiopharmaceuticals
samarium (153sm) lexidronam,Various pain palliation radiopharmaceuticals
rhenium (186re) etidronic acid,Various pain palliation radiopharmaceuticals
tositumomab/iodine (131i) tositumomab,Iodine (131I) compounds
sodium phosphate (32p),Various therapeutic radiopharmaceuticals
ibritumomab tiuxetan (90y),Various therapeutic radiopharmaceuticals
radium (223ra) dichloride,Various therapeutic radiopharmaceuticals
lutetium (177lu) oxodotreotide,Various therapeutic radiopharmaceuticals
acyclovir,Antiviral
albuterol-ipratropium,SABA + Anticholinergic
alendronate,Bisphosphonate
amlodipine-benazepril,CCB + ACE Inhibitor
amlodipine-valsartan,CCB + ARB
amoxicillin-clavulanate,Penicillin Antibiotic + Beta-Lactamase Inhibitor
amphetamine,CNS Stimulant
ampicillin-sulbactam,Penicillin Antibiotic + Beta-Lactamase Inhibitor
aspirin,NSAID / Antiplatelet
atovaquone-proguanil,Antimalarial
bacitracin-polymyxin,Antibiotic Combination
beclomethasone,Inhaled Corticosteroid
benztropine,Anticholinergic
bisoprolol-hydrochlorothiazide,Beta-Blocker + Thiazide Diuretic
butalbital-acetaminophen-caffeine,Barbiturate + Analgesic
calcipotriene,Vitamin D Analog
calcitonin,Calcium Regulator
carbidopa,Decarboxylase Inhibitor
ceftaroline,Cephalosporin Antibiotic
cephalexin,Cephalosporin Antibiotic
chlorthalidone,Thiazide Diuretic
cholecalciferol,Vitamin D Supplement
clomiphene,Selective Estrogen Receptor Modulator (SERM)
clorazepate,Benzodiazepine
cromolyn,Mast Cell Stabilizer
cyclosporine,Immunosuppressant
dabigatran,Direct Thrombin Inhibitor
desogestrel-ethinyl estradiol,Progestin + Estrogen
dextroamphetamine,CNS Stimulant
dicyclomine,Anticholinergic
diphenoxylate-atropine,Antidiarrheal
divalproex,Anticonvulsant
docusate,Stool Softener
dornase alfa,Mucolytic
drospirenone-ethinyl estradiol,Progestin + Estrogen
echinacea,Herbal Supplement
enalapril-hydrochlorothiazide,ACE Inhibitor + Thiazide Diuretic
epoetin alfa,Erythropoiesis-Stimulating Agent
fluocinolone,Topical Corticosteroid
glatiramer,Immunomodulator
glyburide,Sulfonylurea
halobetasol,Topical Corticosteroid
hydroxyurea,Antimetabolite
ibandronate,Bisphosphonate
imipenem-cilastatin,Carbapenem Antibiotic
indomethacin,NSAID
ipratropium,Anticholinergic
leuprolide,GnRH Agonist
levalbuterol,SABA
levothyroxine,Thyroid Hormone
liothyronine,Thyroid Hormone
liotrix,Thyroid Hormone
lopinavir-ritonavir,Protease Inhibitor
lumefantrine,Antimalarial
meclizine,Antihistamine
meperidine,Opioid Agonist
mesalamine,5-ASA Derivative
metaxalone,Skeletal Muscle Relaxant
methimazole,Antithyroid Agent
methyldopa,Centrally Acting Alpha-2 Agonist
methylergonovine,Ergot Alkaloid
methylnaltrexone,Peripheral Opioid Receptor Antagonist
mycophenolate mofetil,Immunosuppressant
niacin,Vitamin B3
niacinamide,Vitamin B3
norethindrone,Progestin
norgestimate-ethinyl estradiol,Progestin + Estrogen
olmesartan,ARB
orphenadrine,Skeletal Muscle Relaxant
pamidronate,Bisphosphonate
pemirolast,Mast Cell Stabilizer
penicillin g,Penicillin Antibiotic
penicillin v,Penicillin Antibiotic
pentamidine,Antiprotozoal
pentosan,Urinary Analgesic
piperacillin-tazobactam,Penicillin Antibiotic + Beta-Lactamase Inhibitor
remdesivir,Antiviral
rifampin,Antimycobacterial
risedronate,Bisphosphonate
sacubitril-valsartan,ARNI
succimer,Heavy Metal Chelator
tenofovir,NRTI
thioguanine,Antimetabolite
ticarcillin-clavulanate,Penicillin Antibiotic + Beta-Lactamase Inhibitor
tiotropium,Anticholinergic
torsemide,Loop Diuretic
triamterene-hydrochlorothiazide,Potassium-Sparing Diuretic + Thiazide Diuretic
umeclidinium,Anticholinergic
urea,Keratolytic
ursodiol,Gallstone Dissolution Agent
valacyclovir,Antiviral
varicella vaccine,Vaccine
vasopressin,Posterior Pituitary Hormone
zileuton,5-Lipoxygenase Inhibitor
